title,developer,platform,release_date,critic_score,number_of_critics,user_score,number_of_users,player_mode,esrb_rating,genre
Elden Ring,From Software,PlayStation 5,02/25/2022,96.0,85,7.8,11711,Up to 4 ,M,"Role-Playing, Action RPG"
The Witcher 3: Wild Hunt - Complete Edition,CD Projekt Red Studio,PlayStation 5,12/14/2022,94.0,31,8.0,549,No Online Multiplayer,M,"Role-Playing, Action RPG"
God of War: Ragnarok,SCE Santa Monica,PlayStation 5,11/09/2022,94.0,141,8.0,8320,No Online Multiplayer,M,"Open-World, Action Adventure, General"
Hades,Supergiant Games,PlayStation 5,08/13/2021,93.0,31,8.7,429,No Online Multiplayer,T,"Role-Playing, Action Adventure, Linear, Roguelike"
Tetris Effect: Connected,Monstars Inc.,PlayStation 5,02/22/2023,93.0,8,6.4,38,,,"Puzzle, Stacking"
Resident Evil 4,Capcom,PlayStation 5,03/24/2023,93.0,121,8.1,3043,No Online Multiplayer,M,"Action Adventure, Survival"
Demon's Souls,JapanStudio,PlayStation 5,11/11/2020,92.0,100,8.0,3552,Up to 6 ,M,"Role-Playing, Action RPG"
Street Fighter 6,Capcom,PlayStation 5,06/02/2023,92.0,78,7.4,199,2 ,T,"Action, Fighting, 2D"
Persona 5 Royal,Atlus,PlayStation 5,10/21/2022,91.0,10,7.9,171,No Online Multiplayer,M,"Role-Playing, Japanese-Style"
Moss: Book II,Polyarc,PlayStation 5,02/22/2023,90.0,8,7.6,17,No Online Multiplayer,E10+,"Action Adventure, General"
Tony Hawk's Pro Skater 1 + 2,Vicarious Visions,PlayStation 5,03/26/2021,90.0,19,7.2,115,Up to 8 ,T,"Sports, Individual, Skate / Skateboard"
Final Fantasy XIV: Endwalker,Square Enix,PlayStation 5,12/07/2021,90.0,14,8.7,620,Massively Multiplayer,T,"Role-Playing, Massively Multiplayer"
Final Fantasy VII Remake Intergrade,Square Enix,PlayStation 5,06/10/2021,89.0,56,8.2,780,No Online Multiplayer,T,"Role-Playing, Action RPG"
Dead Space,Electronic Arts,PlayStation 5,01/27/2023,89.0,88,8.7,896,No Online Multiplayer,M,"Action Adventure, Survival"
The Stanley Parable: Ultra Deluxe,Crows Crows Crows,PlayStation 5,04/27/2022,89.0,8,8.1,54,No Online Multiplayer,E10+,"Adventure, 3D, First-Person"
Disco Elysium: The Final Cut,ZA/UM,PlayStation 5,03/30/2021,89.0,30,8.0,176,No Online Multiplayer,M,"Role-Playing, General, Western-Style"
Devil May Cry 5: Special Edition,Capcom,PlayStation 5,11/12/2020,89.0,34,8.4,379,Up to 3 ,M,"Action Adventure, General"
Monster Hunter Rise: Sunbreak,Capcom,PlayStation 5,04/28/2023,88.0,10,4.1,35,Up to 4 ,T,"Role-Playing, Action RPG"
The Last of Us Part I,Naughty Dog,PlayStation 5,09/02/2022,88.0,114,6.7,2244,No Online Multiplayer,M,"Action Adventure, General, Linear"
Ratchet & Clank: Rift Apart,Insomniac Games,PlayStation 5,06/11/2021,88.0,127,8.5,2452,No Online Multiplayer,E10+,"Action, Platformer, 3D"
It Takes Two,Hazelight,PlayStation 5,03/26/2021,88.0,49,9.0,885,2 ,T,"Action Adventure, Linear"
Deathloop,Arkane Studios,PlayStation 5,09/14/2021,88.0,109,6.5,1455,2 ,M,"Action, Shooter, First-Person, Arcade"
Horizon Forbidden West,Guerrilla,PlayStation 5,02/18/2022,88.0,126,7.9,10056,No Online Multiplayer,T,"Role-Playing, Action RPG, Action Adventure, Open-World"
Rez Infinite,Enhance Games,PlayStation 5,02/22/2023,88.0,8,6.5,11,No Online Multiplayer,E10+,"Action, Shooter, Rail"
Mortal Kombat 11 Ultimate,NetherRealm Studios,PlayStation 5,11/17/2020,88.0,17,7.3,285,Up to 8 ,M,"Action, Fighting, 2D"
Ghost of Tsushima: Director's Cut,Sucker Punch,PlayStation 5,08/20/2021,87.0,73,7.4,1805,Up to 4 ,M,"Action Adventure, Open-World"
The Nioh Collection,Team Ninja,PlayStation 5,02/05/2021,87.0,36,8.4,129,Up to 4 ,M,"Miscellaneous, Compilation"
Gran Turismo 7,Polyphony Digital,PlayStation 5,03/04/2022,87.0,119,2.2,11042,Up to 20 ,E,"Racing, Simulation, Automobile"
Guilty Gear -Strive-,Arc System Works,PlayStation 5,06/08/2021,87.0,53,7.7,104,Up to 32 ,T,"Action, Fighting, 2D"
Uncharted: Legacy of Thieves Collection,Naughty Dog,PlayStation 5,01/28/2022,87.0,79,8.7,906,,T,"Miscellaneous, Compilation"
Monster Hunter Rise,Capcom,PlayStation 5,01/20/2023,87.0,32,3.2,206,Up to 4 ,T,"Role-Playing, Action RPG"
Destiny 2: The Witch Queen,Bungie,PlayStation 5,02/22/2022,87.0,17,7.9,154,,T,"Action, Shooter, First-Person, Arcade"
Inscryption,Daniel Mullins Games,PlayStation 5,08/30/2022,87.0,7,8.5,60,No Online Multiplayer,M,"Strategy, Turn-Based, Card Battle"
Chicory: A Colorful Tale,Greg Lobanov,PlayStation 5,06/10/2021,87.0,20,6.7,33,No Online Multiplayer,E,"Adventure, General"
Tales of Arise,Bandai Namco Games,PlayStation 5,09/10/2021,87.0,76,8.5,638,No Online Multiplayer,T,"Role-Playing, Japanese-Style"
Crash Bandicoot 4: It's About Time,Toys for Bob,PlayStation 5,03/12/2021,86.0,21,7.8,165,No Online Multiplayer,E10+,"Action, Platformer, 3D"
Yakuza: Like a Dragon,Ryu ga Gotoku Studios,PlayStation 5,03/02/2021,86.0,11,8.1,169,No Online Multiplayer,M,"Role-Playing, Japanese-Style"
Cult of the Lamb,Massive Monster,PlayStation 5,08/11/2022,86.0,8,6.6,67,No Online Multiplayer,T,"Action Adventure, General"
Tactics Ogre: Reborn,Square Enix,PlayStation 5,11/11/2022,86.0,22,6.0,78,No Online Multiplayer,T,"Strategy, Turn-Based, Tactics"
Atari 50: The Anniversary Celebration,Digital Eclipse,PlayStation 5,11/11/2022,86.0,11,7.8,9,No Online Multiplayer,T,"Miscellaneous, Compilation"
Tunic,ISOMETRICORP Games,PlayStation 5,09/27/2022,86.0,7,8.0,41,No Online Multiplayer,,"Role-Playing, Action Adventure, Action RPG, Open-World"
Returnal,Housemarque,PlayStation 5,04/30/2021,86.0,115,7.3,3914,No Online Multiplayer,T,"Action, Shooter, Third-Person, Arcade"
Octopath Traveler II,Square Enix,PlayStation 5,02/24/2023,86.0,34,8.0,107,No Online Multiplayer,T,"Role-Playing, Japanese-Style"
Chivalry 2,Torn Banner Studios,PlayStation 5,04/23/2021,85.0,20,6.2,85,Up to 64 ,M,"Action, Beat-'Em-Up, 3D"
Return to Monkey Island,Terrible Toybox,PlayStation 5,11/08/2022,85.0,10,7.6,17,No Online Multiplayer,E10+,"Adventure, Point-and-Click"
Crusader Kings III,Lab42,PlayStation 5,03/29/2022,85.0,13,6.6,31,,T,"Strategy, Real-Time, General"
Star Wars Jedi: Survivor,Respawn Entertainment,PlayStation 5,04/28/2023,85.0,108,5.9,850,No Online Multiplayer,T,"Open-World, Action Adventure, General"
Marvel's Spider-Man: Miles Morales,Insomniac Games,PlayStation 5,11/12/2020,85.0,89,7.7,2639,No Online Multiplayer,T,"Action Adventure, Open-World"
Control: Ultimate Edition,Remedy Entertainment,PlayStation 5,02/02/2021,85.0,26,8.0,338,No Online Multiplayer,M,"Action Adventure, General"
Warframe,Digital Extremes,PlayStation 5,11/26/2020,85.0,7,7.8,24,Online Multiplayer,,"Action, Shooter, Third-Person, Arcade"
Humanity,Tha Ltd.,PlayStation 5,05/16/2023,85.0,26,8.6,58,,,"Action, Strategy, General, Puzzle"
Labyrinth of Galleria: The Moon Society,Nippon Ichi Software,PlayStation 5,02/14/2023,85.0,7,7.8,4,,M,"Role-Playing, Japanese-Style"
The Forgotten City,Modern Storyteller,PlayStation 5,07/28/2021,85.0,17,8.2,74,No Online Multiplayer,T,"Action Adventure, General"
Valkyrie Profile: Lenneth,Square Enix,PlayStation 5,12/22/2022,85.0,10,7.7,15,,,"Role-Playing, Japanese-Style"
Death Stranding: Director's Cut,Kojima Productions,PlayStation 5,09/24/2021,85.0,66,7.3,863,No Online Multiplayer,M,"Action, Action Adventure, General, Open-World"
Assassin's Creed Valhalla,Ubisoft Montreal,PlayStation 5,11/12/2020,84.0,8,7.7,2056,No Online Multiplayer,M,"Action Adventure, Open-World"
Hitman 3,Io Interactive,PlayStation 5,01/20/2021,84.0,35,8.1,321,No Online Multiplayer,M,"Action Adventure, General"
OlliOlli World,roll7,PlayStation 5,02/08/2022,84.0,38,7.4,45,No Online Multiplayer,E10+,"Action, Platformer, 2D"
F1 2021,Codemasters,PlayStation 5,07/13/2021,84.0,31,6.1,77,Up to 20 ,E,"Racing, Simulation, Automobile"
Overcooked! All You Can Eat,Ghost Town Games Ltd.,PlayStation 5,11/12/2020,84.0,13,7.0,36,Up to 4 ,E,"Miscellaneous, Compilation"
Hogwarts Legacy,Avalanche Software,PlayStation 5,02/07/2023,84.0,94,8.7,3139,No Online Multiplayer,T,"Action Adventure, Open-World, Role-Playing, Western-Style"
Resident Evil Village,Capcom,PlayStation 5,05/07/2021,84.0,108,7.7,2766,No Online Multiplayer,M,"Action Adventure, Survival"
Ghost of Tsushima: Iki Island,Sucker Punch,PlayStation 5,08/20/2021,84.0,7,7.9,487,No Online Multiplayer,,"Action Adventure, Open-World"
The Pedestrian,Skookum Arts LLC,PlayStation 5,01/29/2021,83.0,10,7.4,17,No Online Multiplayer,E10+,"Puzzle, Action"
Astro's Playroom,JapanStudio,PlayStation 5,11/12/2020,83.0,69,9.0,1461,No Online Multiplayer,E10+,"Action, Platformer, 3D"
Metro Exodus: Complete Edition,4A Games,PlayStation 5,06/18/2021,83.0,11,8.2,205,No Online Multiplayer,M,"Action, Shooter, First-Person, Arcade"
Judgment,Ryu ga Gotoku Studios,PlayStation 5,04/23/2021,83.0,33,8.7,120,No Online Multiplayer,M,"Action Adventure, Open-World"
Live A Live,historia Inc,PlayStation 5,04/27/2023,83.0,11,6.4,11,No Online Multiplayer,T,"Role-Playing, Strategy, Turn-Based, Japanese-Style, Tactics"
Anno 1800 Console Edition,Ubisoft Blue Byte,PlayStation 5,03/16/2023,83.0,11,7.1,21,Up to 16 ,T,"Strategy, Management, Government"
Stray,Bluetwelve,PlayStation 5,07/19/2022,83.0,99,8.4,1932,No Online Multiplayer,E10+,"Action Adventure, Adventure, General, 3D, Third-Person"
A Space For The Unbound,Mojiken Studio,PlayStation 5,01/19/2023,83.0,9,6.9,8,No Online Multiplayer,T,"Adventure, General"
Two Point Campus,Two Point Studios,PlayStation 5,08/09/2022,82.0,16,4.9,15,No Online Multiplayer,T,"Strategy, Management, Business / Tycoon"
Lost Judgment,SegaSoft,PlayStation 5,09/24/2021,82.0,80,8.5,219,No Online Multiplayer,M,"Action Adventure, Open-World"
Atelier Ryza 3: Alchemist of the End & the Secret Key,Gust,PlayStation 5,03/24/2023,82.0,20,9.3,155,No Online Multiplayer,T,"Role-Playing, Japanese-Style"
LEGO Star Wars: The Skywalker Saga,Warner Bros. Interactive Entertainment,PlayStation 5,04/05/2022,82.0,62,8.0,289,No Online Multiplayer,E10+,"Action Adventure, General"
MLB The Show 23,Sony Interactive Entertainment San Diego Studio,PlayStation 5,03/24/2023,82.0,33,7.6,28,Up to 8 ,E,"Sports, Team, Baseball, Sim"
A Plague Tale: Requiem,Asobo Studio,PlayStation 5,10/18/2022,82.0,69,8.1,519,No Online Multiplayer,M,"Action Adventure, Linear"
Ys VIII: Lacrimosa of DANA,Falcom,PlayStation 5,11/15/2022,82.0,12,7.7,14,,T,"Role-Playing, Action RPG"
This War of Mine: Final Cut,11 bit studios,PlayStation 5,05/10/2022,82.0,12,6.2,10,No Online Multiplayer,M,"Action, General, Miscellaneous, Action Adventure, Survival, Board / Card Game"
Horizon Forbidden West: Burning Shores,Guerrilla,PlayStation 5,04/19/2023,82.0,70,4.3,2480,No Online Multiplayer,T,"Action Adventure, Open-World"
WRC 9 FIA World Rally Championship,KT Racing,PlayStation 5,11/12/2020,82.0,9,7.5,28,Up to 8 ,E,"Racing, Simulation, Automobile"
WWE 2K23,Visual Concepts,PlayStation 5,03/14/2023,82.0,58,7.0,89,Up to 8 ,T,"Sports, Individual, Combat, Wrestling"
Resident Evil Village VR,Capcom,PlayStation 5,02/22/2023,82.0,11,8.0,64,No Online Multiplayer,,"Action Adventure, Survival"
Final Fantasy VII Remake Intergrade: Episode INTERmission,Square Enix,PlayStation 5,06/10/2021,81.0,24,8.2,111,,T,"Role-Playing, Action RPG"
Grand Theft Auto V,Rockstar North,PlayStation 5,03/15/2022,81.0,24,2.7,669,Up to 30 ,M,"Action Adventure, Open-World"
Diablo II: Resurrected,Blizzard Entertainment,PlayStation 5,09/23/2021,81.0,22,4.0,298,Up to 8 ,M,"Role-Playing, Action RPG"
The Entropy Centre,Stubby Games,PlayStation 5,11/03/2022,81.0,8,8.0,7,No Online Multiplayer,E10+,"Adventure, 3D, First-Person"
FAR: Changing Tides,Okomotive,PlayStation 5,03/01/2022,81.0,17,7.2,18,No Online Multiplayer,E,"Action Adventure, Linear"
DREDGE,Black Salt Games,PlayStation 5,03/30/2023,81.0,20,8.4,29,,E10+,"Adventure, General"
Life is Strange: True Colors,Deck Nine Games,PlayStation 5,09/10/2021,81.0,67,6.8,219,No Online Multiplayer,M,"Action Adventure, General"
Tails of Iron,Odd Bug Studio,PlayStation 5,09/17/2021,81.0,12,7.2,51,No Online Multiplayer,T,"Role-Playing, Action RPG"
SIFU,Sloclap,PlayStation 5,02/08/2022,81.0,79,8.1,538,No Online Multiplayer,M,"Action, Beat-'Em-Up, 3D"
Marvel's Midnight Suns,Firaxis Games,PlayStation 5,12/02/2022,81.0,28,7.1,106,No Online Multiplayer,T,"Strategy, Turn-Based, Tactics"
Like a Dragon: Ishin!,Ryu ga Gotoku Studios,PlayStation 5,02/21/2023,81.0,76,7.8,61,No Online Multiplayer,M,"Action Adventure, Open-World"
Wo Long: Fallen Dynasty,Team Ninja,PlayStation 5,03/03/2023,81.0,73,8.2,535,Up to 5 ,M,"Action Adventure, Linear, Role-Playing, Action RPG"
Planet Coaster: Console Edition,Frontier Developments,PlayStation 5,11/12/2020,81.0,9,6.2,31,No Online Multiplayer,E,"Strategy, Management, Business / Tycoon"
Kena: Bridge of Spirits,Emberlab,PlayStation 5,09/21/2021,81.0,82,8.4,1249,No Online Multiplayer,T,"Open-World, Action Adventure, General"
Disco Elysium: The Final Cut,ZA/UM,PC,03/30/2021,97.0,11,8.3,856,No Online Multiplayer,M,"Role-Playing, General, Western-Style"
Half-Life 2,Valve Software,PC,11/16/2004,96.0,81,9.2,12618,No Online Multiplayer,M,"Action, Shooter, Shooter, First-Person, Sci-Fi, Sci-Fi, Arcade"
Grand Theft Auto V,Rockstar North,PC,04/13/2015,96.0,57,7.9,9008,Up to 32 ,M,"Modern, Action Adventure, Open-World"
The Orange Box,Valve Software,PC,10/10/2007,96.0,34,9.1,2251,Up to 32 ,M,"Action, Miscellaneous, Shooter, Compilation, First-Person, Sci-Fi"
Half-Life,Valve Software,PC,11/19/1998,96.0,24,9.1,5635,Online Multiplayer,M,"Action, Shooter, Shooter, First-Person, Sci-Fi, Sci-Fi, Arcade"
BioShock,Irrational Games,PC,08/21/2007,96.0,44,8.6,5959,No Online Multiplayer,M,"Action, Shooter, Shooter, First-Person, Sci-Fi, Sci-Fi, Arcade"
Baldur's Gate II: Shadows of Amn,BioWare,PC,09/24/2000,95.0,30,9.1,1567,Up to 6 ,T,"Role-Playing, PC-style RPG, PC-style RPG, Western-Style"
Persona 5 Royal,Atlus,PC,10/21/2022,95.0,13,8.4,367,No Online Multiplayer,M,"Role-Playing, Japanese-Style"
Portal 2,Valve Software,PC,04/18/2011,95.0,52,9.1,9126,,E10+,"Action, Shooter, Shooter, First-Person, Sci-Fi, Sci-Fi, Arcade"
The Elder Scrolls V: Skyrim,Bethesda Game Studios,PC,11/10/2011,94.0,32,8.4,12731,No Online Multiplayer,M,"Role-Playing, First-Person, First-Person, Western-Style"
Mass Effect 2,BioWare,PC,01/26/2010,94.0,55,8.9,5642,No Online Multiplayer,M,"Role-Playing, Action RPG, Action RPG"
Grand Theft Auto: Vice City,Rockstar North,PC,05/12/2003,94.0,30,8.7,3231,No Online Multiplayer,M,"Action Adventure, Modern, Modern, Open-World"
Sid Meier's Civilization II,MPS Labs,PC,02/29/1996,94.0,7,8.7,506,1 Player,K-A,"Strategy, Turn-Based, Historic, General, Historic, 4X"
Quake,id Software,PC,06/22/1996,94.0,9,8.7,1012,1-16 ,M,"Action, Shooter, Shooter, First-Person, Sci-Fi, Sci-Fi, Arcade"
BioShock Infinite,Irrational Games,PC,03/25/2013,94.0,68,8.6,9808,No Online Multiplayer,M,"Action, Shooter, Shooter, First-Person, Sci-Fi, Sci-Fi, Arcade"
The Elder Scrolls IV: Oblivion,Bethesda Softworks,PC,03/20/2006,94.0,54,8.3,3780,No Online Multiplayer,M,"Role-Playing, First-Person, First-Person, Western-Style"
Elden Ring,From Software,PC,02/25/2022,94.0,60,6.9,5488,Up to 4 ,M,"Role-Playing, Action RPG"
Grim Fandango,LucasArts,PC,10/14/1998,94.0,15,9.0,798,No Online Multiplayer,T,"Adventure, General, General, 3D, Third-Person, Fantasy"
Diablo,Blizzard Entertainment,PC,12/31/1996,94.0,12,8.6,1373,Up to 4 ,M,"Role-Playing, Action RPG, Action RPG"
Sid Meier's Civilization IV,Firaxis Games,PC,10/25/2005,94.0,50,8.2,1165,Online Multiplayer,E10+,"Strategy, Turn-Based, Historic, Historic, 4X"
The Witcher 3: Wild Hunt,CD Projekt Red Studio,PC,05/18/2015,93.0,32,9.1,22651,No Online Multiplayer,M,"Action RPG, Role-Playing, Action RPG"
Company of Heroes,Relic,PC,09/13/2006,93.0,55,8.7,1459,Up to 8 ,M,"Strategy, Real-Time, Historic, General, Historic"
Dwarf Fortress,Bay 12 Games,PC,12/06/2022,93.0,9,8.4,227,No Online Multiplayer,,"Turn-Based, Fantasy, General, Simulation, Strategy, General, Management, Government"
Half-Life: Alyx,Valve Software,PC,03/23/2020,93.0,69,9.2,2800,No Online Multiplayer,,"Action, Shooter, First-Person, Arcade"
Divinity: Original Sin II,Larian Studios Games,PC,09/14/2017,93.0,72,8.8,2416,Up to 4 ,,"Action RPG, Role-Playing, Western-Style"
Unreal Tournament 2004,Epic Games,PC,03/16/2004,93.0,48,8.7,801,1-32 ,M,"Action, Shooter, Shooter, First-Person, Sci-Fi, Sci-Fi, Arcade"
Starcraft II: Wings of Liberty,Blizzard Entertainment,PC,07/27/2010,93.0,82,8.2,3736,Up to 4 ,T,"Strategy, Real-Time, Sci-Fi, Command"
Minecraft,Mojang AB,PC,11/18/2011,93.0,33,8.1,7867,Up to 10 ,E10+,"Action Adventure, Adventure, 3D, Sandbox, First-Person, Fantasy, Fantasy"
Street Fighter 6,Capcom,PC,06/02/2023,93.0,26,6.1,56,,T,"Action, Fighting, 2D"
Red Dead Redemption 2,Rockstar Games,PC,11/05/2019,93.0,44,6.7,5416,Up to 32 ,M,"Action Adventure, Open-World"
Grand Theft Auto III,DMA Design,PC,05/20/2002,93.0,20,8.1,1696,No Online Multiplayer,M,"Action Adventure, Modern, Modern, Open-World"
Homeworld,Relic,PC,08/31/1999,93.0,20,8.8,408,Up to 8 ,E,"Strategy, Real-Time, Sci-Fi, Sci-Fi, General, Command"
God of War,SCE Santa Monica,PC,01/14/2022,93.0,60,8.5,1472,No Online Multiplayer,M,"Action Adventure, Linear"
Beat Saber,Hyperbolic Magnetism,PC,05/21/2019,93.0,7,8.5,201,No Online Multiplayer,,"Action, Rhythm, General, Music"
Hades,Supergiant Games,PC,09/17/2020,93.0,58,8.8,1567,No Online Multiplayer,T,"Role-Playing, Action Adventure, General, Linear, Roguelike"
Star Wars: Knights of the Old Republic,BioWare,PC,11/18/2003,93.0,33,9.0,2272,No Online Multiplayer,T,"Role-Playing, Third-Person, Third-Person, General, Western-Style"
World of Warcraft,Blizzard Entertainment,PC,11/23/2004,93.0,57,7.4,3451,Massively Multiplayer,T,"Role-Playing, Miscellaneous, Massively Multiplayer Online, Massively Multiplayer, Board / Card Game, Fantasy, Fantasy"
Grand Theft Auto: San Andreas,Rockstar North,PC,06/07/2005,93.0,47,8.9,4221,No Online Multiplayer,M,"Action Adventure, Modern, Modern, Open-World"
Call of Duty 4: Modern Warfare,Infinity Ward,PC,11/05/2007,92.0,40,8.5,3842,Up to 18 ,M,"Action, Shooter, Shooter, First-Person, Modern, Modern, Arcade"
Warcraft III: Reign of Chaos,Blizzard Entertainment,PC,07/03/2002,92.0,40,9.2,2413,,T,"Strategy, Real-Time, Fantasy, General, Fantasy"
The Sims,Maxis,PC,02/04/2000,92.0,38,8.0,794,,T,"Simulation, Miscellaneous, Virtual Life, Virtual, Virtual Life"
Sid Meier's Gettysburg!,Firaxis Games,PC,09/30/1997,92.0,7,7.4,43,1-8 ,K-A,"Strategy, Real-Time, Wargame, Real-Time, General"
World Soccer Winning Eleven 7 International,KCET,PC,04/09/2004,92.0,7,7.0,91,1-2 ,E,"Sports, Traditional, Team, Soccer, Sim, Sim"
Team Fortress 2,Valve Software,PC,10/10/2007,92.0,17,9.0,7339,Up to 32 ,M,"Action, Shooter, Shooter, First-Person, Modern, Tactical, Modern"
System Shock 2,Looking Glass Studios,PC,08/11/1999,92.0,20,9.1,707,1 Player,M,"Action Adventure, Sci-Fi, Sci-Fi, Survival"
Tom Clancy's Splinter Cell: Chaos Theory,Ubisoft Montreal,PC,03/28/2005,92.0,36,8.7,602,No Online Multiplayer,M,"Action Adventure, Modern, General, Modern"
Resident Evil 4,Capcom,PC,03/24/2023,92.0,22,7.4,1309,,,"Action Adventure, Survival"
Rome: Total War,Creative Assembly,PC,09/22/2004,92.0,58,9.0,1474,No Online Multiplayer,T,"Strategy, Real-Time, Historic, General, Historic"
Okami HD,Capcom,PC,12/12/2017,92.0,10,7.7,235,No Online Multiplayer,T,"Action Adventure, General"
Undertale,tobyfox,PC,09/15/2015,92.0,43,8.5,5285,No Online Multiplayer,,"Role-Playing, General, Japanese-Style"
Thief: The Dark Project,Looking Glass Studios,PC,11/30/1998,92.0,18,9.0,445,1 Player,M,"Action Adventure, Fantasy, General, Fantasy"
Age of Empires II: The Age of Kings,Ensemble Studios,PC,09/30/1999,92.0,21,9.0,1377,Up to 8 ,T,"Strategy, Real-Time, Historic, Historic, Command"
Unreal Tournament (1999),Epic Games,PC,11/30/1999,92.0,21,9.0,677,1-32 ,M,"Action, Shooter, Shooter, First-Person, Sci-Fi, Sci-Fi, Arcade"
Sid Meier's Alpha Centauri,Firaxis Games,PC,02/12/1999,92.0,19,8.7,268,,E,"Strategy, Turn-Based, Sci-Fi, Sci-Fi, 4X"
Galactic Civilizations II: Twilight of the Arnor,Stardock,PC,04/30/2008,92.0,19,8.3,142,1 Player,,"Strategy, Turn-Based, Sci-Fi, Sci-Fi, 4X"
Final Fantasy XIV: Endwalker,Square Enix,PC,12/07/2021,92.0,28,9.1,1698,,,"Role-Playing, Massively Multiplayer"
Out of the Park Baseball 17,Out Of The Park Developments,PC,03/22/2016,92.0,8,3.3,240,,,"Sports, Team, Baseball, Sim"
The Witcher 3: Wild Hunt - Blood and Wine,CD Projekt Red Studio,PC,05/30/2016,92.0,50,9.1,3806,No Online Multiplayer,M,"Role-Playing, Action RPG"
Tiger Woods PGA Tour 2003,Headgate,PC,11/05/2002,92.0,14,5.0,40,1-8 ,E,"Sports, Traditional, Individual, Golf, Sim, Sim"
Dishonored,Arkane Studios,PC,10/08/2012,91.0,29,8.5,5294,No Online Multiplayer,M,"Action Adventure, Modern, General, Modern"
Medal of Honor: Allied Assault,2015,PC,01/20/2002,91.0,34,8.5,607,,T,"Action, Shooter, Shooter, First-Person, Historic, Historic, Arcade"
Myth: The Fallen Lords,Bungie Software,PC,10/31/1997,91.0,9,8.5,103,1-16 ,M,"Strategy, Real-Time, Fantasy, General, Fantasy"
Microsoft Flight Simulator,Asobo Studio,PC,08/18/2020,91.0,66,7.2,1367,Online Multiplayer,E,"Simulation, Flight, Civilian"
World of Warcraft: Wrath of the Lich King,Blizzard Entertainment,PC,11/13/2008,91.0,47,7.7,1514,Massively Multiplayer,T,"Role-Playing, Miscellaneous, Massively Multiplayer Online, Massively Multiplayer, Board / Card Game, Fantasy, Fantasy"
I Was a Teenage Exocolonist,Northway Games,PC,08/25/2022,91.0,11,7.7,27,No Online Multiplayer,,"Strategy, Turn-Based, Card Battle"
Overwatch,Blizzard Entertainment,PC,05/23/2016,91.0,64,6.4,6599,Up to 12 ,T,"General, Action, Shooter, First-Person, Tactical"
F1 Challenge '99-'02,Electronic Arts,PC,06/24/2003,91.0,8,7.7,89,1-8 ,E,"Driving, Racing, Simulation, Formula One, Formula One, Automobile"
Baldur's Gate,BioWare,PC,12/21/1998,91.0,16,8.9,852,Up to 6 ,T,"Role-Playing, PC-style RPG, PC-style RPG, Western-Style"
Chained Echoes,Matthias Linda,PC,12/08/2022,91.0,14,8.7,136,No Online Multiplayer,,"Role-Playing, Japanese-Style"
IL-2 Sturmovik,1C,PC,11/18/2001,91.0,12,8.6,179,1-32 ,T,"Simulation, Flight, WWII, WWII, Combat"
FreeSpace 2,Volition Inc.,PC,09/30/1999,91.0,16,8.7,159,1-8 ,E,"Simulation, Sci-Fi, Space, Small Spaceship, Small Spaceship, Combat"
Metal Gear Solid V: The Phantom Pain,Kojima Productions,PC,09/01/2015,91.0,13,7.9,2881,Up to 16 ,M,"Action Adventure, Modern, Open-World"
Tom Clancy's Splinter Cell,Ubisoft Montreal,PC,02/19/2003,91.0,20,8.5,487,No Online Multiplayer,T,"Action Adventure, Modern, General, Modern"
Forza Horizon 5,Playground Games,PC,11/09/2021,91.0,20,6.7,1137,,E,"Racing, Simulation, Automobile"
Kentucky Route Zero - Act III,Cardboard Computer,PC,05/06/2014,91.0,7,6.6,175,,,"Adventure, General"
Crysis,Crytek,PC,11/13/2007,91.0,56,8.1,2846,No Online Multiplayer,M,"Action, Shooter, Shooter, First-Person, Sci-Fi, Sci-Fi, Arcade"
World of Warcraft: The Burning Crusade,Blizzard Entertainment,PC,01/16/2007,91.0,46,6.0,1563,Massively Multiplayer,T,"Role-Playing, Miscellaneous, Massively Multiplayer Online, Massively Multiplayer, Board / Card Game, Fantasy, Fantasy"
Tiger Woods PGA Tour 2005,Headgate,PC,09/20/2004,91.0,16,4.0,52,1-8 ,E,"Sports, Traditional, Individual, Golf, Sim, Sim"
The Longest Journey,Funcom,PC,11/16/2000,91.0,26,8.7,575,No Online Multiplayer,M,"Adventure, Third-Person, Point-and-Click, Fantasy, Fantasy"
Tony Hawk's Pro Skater 2,Neversoft Entertainment,PC,10/25/2000,91.0,22,8.4,246,1-4 ,T,"Sports, Alternative, Individual, Skateboarding, Skateboarding, Skate / Skateboard"
Star Wars Jedi Knight: Dark Forces II,LucasArts,PC,10/09/1997,91.0,10,8.6,224,Up to 32 ,T,"Action, Shooter, Shooter, First-Person, Sci-Fi, Arcade"
Batman: Arkham Asylum,Rocksteady Studios,PC,09/15/2009,91.0,29,8.6,2982,No Online Multiplayer,T,"Action Adventure, Fantasy, General, Fantasy"
Galactic Civilizations II: Dark Avatar,Stardock,PC,02/14/2007,91.0,22,7.9,51,1 Player,,"Strategy, Turn-Based, Sci-Fi, Sci-Fi, 4X"
The Operative: No One Lives Forever,Monolith Productions,PC,11/11/2000,91.0,32,8.7,245,1-16 ,M,"Action, Shooter, Shooter, First-Person, Modern, Modern, Arcade"
Crusader Kings III,Paradox Interactive,PC,09/01/2020,91.0,61,8.4,668,Up to 64 ,M,"Strategy, Real-Time, General"
Battlefield 2,Digital Illusions,PC,06/21/2005,91.0,55,8.4,1130,64  Online,T,"Action, Shooter, Shooter, First-Person, Tactical, Modern, Modern"
Street Fighter IV,Capcom,PC,07/01/2009,91.0,23,7.8,446,2  Online,T,"Action, Fighting, Fighting, 3D, 2D, 3D"
Fallout 3,Bethesda Game Studios,PC,10/28/2008,91.0,48,7.9,5220,No Online Multiplayer,M,"Role-Playing, First-Person, First-Person, Western-Style"
Batman: Arkham City,Rocksteady Studios,PC,11/21/2011,91.0,27,8.7,2974,,T,"Action Adventure, Fantasy, Fantasy, Open-World"
Fez,Polytron Corp.,PC,05/01/2013,91.0,11,6.8,1221,No Online Multiplayer,E,"Action, Platformer, Platformer, 2D, 2D"
Planescape: Torment,Black Isle Studios,PC,12/14/1999,91.0,22,9.2,1123,No Online Multiplayer,T,"Role-Playing, General, PC-style RPG, Western-Style"
Neverwinter Nights,BioWare,PC,06/16/2002,91.0,34,8.2,670,Up to 64 ,T,"Role-Playing, PC-style RPG, PC-style RPG, Western-Style"
No One Lives Forever 2: A Spy in H.A.R.M.'s Way,Monolith Productions,PC,09/30/2002,91.0,29,8.7,257,,M,"Action, Action Adventure, Shooter, General, Shooter, First-Person, Modern, Modern, Arcade"
Dragon Age: Origins,BioWare,PC,11/03/2009,91.0,67,8.8,4814,No Online Multiplayer,M,"Role-Playing, PC-style RPG, PC-style RPG, Western-Style"
Mark of the Ninja,Klei Entertainment,PC,10/16/2012,91.0,14,8.0,1163,No Online Multiplayer,M,"Action, Platformer, Platformer, 2D, 2D"
Disco Elysium,ZA/UM,PC,10/15/2019,91.0,64,8.5,1345,No Online Multiplayer,,"Role-Playing, General, Western-Style"
Dark Souls II,From Software,PC,04/25/2014,91.0,36,7.2,3063,Up to 4 ,T,"Action RPG, Role-Playing, Action RPG"
Spelunky 2,Mossmouth,PC,09/29/2020,91.0,16,6.8,158,Online Multiplayer,,"Action, Platformer, 2D"
Call of Duty,Infinity Ward,PC,10/29/2003,91.0,44,8.4,1299,1-32 ,T,"Action, Shooter, Shooter, First-Person, Third-Person, Historic, Tactical, Historic, Arcade"
Madden NFL 2004,EA Tiburon,PC,08/12/2003,91.0,13,7.1,29,1-8 ,E,"Sports, Traditional, Team, Football, Sim, Sim"
The Legend of Zelda: Breath of the Wild,Nintendo,Switch,03/03/2017,97.0,109,8.7,20451,No Online Multiplayer,E10+,"Action Adventure, Open-World"
Super Mario Odyssey,Nintendo,Switch,10/27/2017,97.0,113,8.9,7466,No Online Multiplayer,E10+,"Action, Platformer, 3D"
The House in Fata Morgana - Dreams of the Revenants Edition -,HuneX,Switch,04/09/2021,96.0,10,8.6,851,No Online Multiplayer,M,"Adventure, Visual Novel"
Portal Companion Collection,Valve Software,Switch,06/28/2022,95.0,10,8.3,131,,,"Miscellaneous, Compilation"
The Legend of Zelda: Tears of the Kingdom,Nintendo,Switch,05/12/2023,95.0,127,8.7,6177,No Online Multiplayer,E10+,"Action Adventure, Open-World"
Tetris Effect: Connected,Monstars Inc.,Switch,10/08/2021,94.0,22,8.0,93,Up to 8 ,E,"Puzzle, Stacking"
Metroid Prime Remastered,Nintendo,Switch,02/08/2023,94.0,94,8.8,934,No Online Multiplayer,T,"Action, Shooter, First-Person, Arcade"
Persona 5 Royal,Atlus,Switch,10/21/2022,94.0,25,8.4,278,No Online Multiplayer,M,"Role-Playing, Japanese-Style"
Hades,Supergiant Games,Switch,09/17/2020,93.0,48,9.0,826,No Online Multiplayer,T,"Role-Playing, Action Adventure, General, Linear, Roguelike"
Divinity: Original Sin II - Definitive Edition,Larian Studios Games,Switch,09/04/2019,93.0,18,8.4,350,Up to 4 ,M,"Role-Playing, Western-Style"
Ori and the Will of the Wisps,Moon Studios,Switch,09/17/2020,93.0,24,8.7,463,No Online Multiplayer,E,"Action, Platformer, 2D, None, Metroidvania"
Undertale,tobyfox,Switch,09/18/2018,93.0,8,8.2,519,No Online Multiplayer,E10+,"Role-Playing, Japanese-Style"
Super Smash Bros. Ultimate,Nintendo,Switch,12/07/2018,93.0,99,8.6,3783,Up to 8 ,E10+,"Action, Fighting, 2D"
Celeste,Matt Makes Games Inc.,Switch,01/25/2018,92.0,36,8.6,1105,No Online Multiplayer,E10+,"Action, Platformer, 2D"
Xenoblade Chronicles 3: Expansion Pass Wave 4 - Future Redeemed,Monolith Soft,Switch,04/25/2023,92.0,12,9.1,217,No Online Multiplayer,T,"Role-Playing, Action RPG"
Bayonetta 2,Nintendo,Switch,02/16/2018,92.0,31,8.6,601,No Online Multiplayer,M,"Action Adventure, Linear"
Mario Kart 8 Deluxe,Nintendo,Switch,04/28/2017,92.0,95,8.6,2703,Up to 12 ,E,"Other, Racing, Arcade, Automobile"
Unavowed,Wadjet Eye Games,Switch,07/07/2021,91.0,7,8.2,13,No Online Multiplayer,T,"General, Adventure, Point-and-Click"
INSIDE,PLAYDEAD,Switch,06/28/2018,91.0,30,8.6,330,No Online Multiplayer,M,"Action, Platformer, 2D"
Dragon Quest XI S: Echoes of an Elusive Age - Definitive Edition,Square Enix,Switch,09/27/2019,91.0,50,8.6,742,No Online Multiplayer,T,"Role-Playing, Japanese-Style"
Sonic Mania Plus,Sega,Switch,07/17/2018,91.0,24,8.7,381,Up to 4 ,E,"Action, Platformer, 2D"
SteamWorld Heist: Ultimate Edition,Image & Form,Switch,12/28/2017,91.0,9,8.2,186,No Online Multiplayer,E10+,"Strategy, Turn-Based, General"
Shovel Knight: Treasure Trove,Yacht Club Games,Switch,03/03/2017,91.0,17,8.3,522,No Online Multiplayer,E,"Action, Platformer, 2D"
Animal Crossing: New Horizons,Nintendo,Switch,03/20/2020,90.0,111,5.6,6587,Up to 8 ,E,"Simulation, Virtual, Virtual Life"
Persona 4 Golden,Atlus,Switch,01/19/2023,90.0,23,8.4,74,No Online Multiplayer,M,"Role-Playing, Japanese-Style"
Ori and the Blind Forest: Definitive Edition,Moon Studios,Switch,09/27/2019,90.0,20,8.5,419,No Online Multiplayer,E,"Action, Platformer, 2D, None, Metroidvania"
Bastion,Supergiant Games,Switch,09/13/2018,90.0,7,7.6,151,No Online Multiplayer,E10+,"Role-Playing, Action RPG"
Hollow Knight,Team Cherry,Switch,06/12/2018,90.0,27,9.0,1984,No Online Multiplayer,E10+,"Action, Action Adventure, General, Platformer, None, Metroidvania"
Chained Echoes,Matthias Linda,Switch,12/08/2022,90.0,15,8.8,81,No Online Multiplayer,M,"Role-Playing, Japanese-Style"
Chicory: A Colorful Tale,Team Chicory,Switch,12/15/2021,90.0,8,6.8,25,No Online Multiplayer,E,"Adventure, General"
Bayonetta + Bayonetta 2,PlatinumGames,Switch,02/16/2018,90.0,27,8.7,405,No Online Multiplayer,M,"Miscellaneous, Compilation"
Xenoblade Chronicles: Definitive Edition,Monolith Soft,Switch,05/29/2020,89.0,92,8.8,1315,No Online Multiplayer,T,"Role-Playing, Action RPG"
Dead Cells,Motion Twin,Switch,08/07/2018,89.0,36,8.4,433,No Online Multiplayer,T,"Action, Platformer, 2D"
Into the Breach,Subset Games,Switch,08/28/2018,89.0,15,7.9,183,No Online Multiplayer,E10+,"Strategy, Turn-Based, Tactics"
Super Mario 3D World + Bowser's Fury,Nintendo,Switch,02/12/2021,89.0,122,8.7,850,Up to 4 ,E,"Action, Platformer, 3D"
Atari 50: The Anniversary Celebration,Digital Eclipse,Switch,11/11/2022,89.0,18,7.8,14,No Online Multiplayer,T,"Miscellaneous, Compilation"
Xenoblade Chronicles 3,Monolith Soft,Switch,07/29/2022,89.0,121,8.5,1303,No Online Multiplayer,T,"Role-Playing, Action RPG"
Fire Emblem: Three Houses,Intelligent Systems,Switch,07/26/2019,89.0,102,8.8,2849,No Online Multiplayer,T,"Strategy, Turn-Based, Tactics"
NieR: Automata - The End of YoRHa Edition,Virtuos,Switch,10/06/2022,89.0,34,6.9,239,No Online Multiplayer,M,"Role-Playing, Action RPG"
Okami HD,Capcom,Switch,08/09/2018,89.0,32,8.4,233,No Online Multiplayer,T,"Action Adventure, General"
Death's Door,Acid Nerve,Switch,11/23/2021,89.0,12,8.1,107,No Online Multiplayer,T,"Action Adventure, General"
A Short Hike,adamgryu,Switch,08/18/2020,88.0,17,8.5,194,No Online Multiplayer,E,"Adventure, General"
Neon White,Ben Esposito,Switch,06/16/2022,88.0,23,8.0,38,No Online Multiplayer,T,"Action, Shooter, First-Person, Arcade"
DUSK,New Blood Interactive,Switch,10/28/2021,88.0,14,8.2,34,,M,"Action, Shooter, First-Person, Arcade"
Hyper Light Drifter,Heart Machine,Switch,09/06/2018,88.0,21,7.9,120,No Online Multiplayer,T,"Role-Playing, Action RPG"
Tunic,ISOMETRICORP Games,Switch,09/27/2022,88.0,8,8.5,42,No Online Multiplayer,E10+,"Role-Playing, Action Adventure, Action RPG, Open-World"
Cuphead in the Delicious Last Course,Studio MDHR,Switch,06/30/2022,88.0,16,8.5,34,No Online Multiplayer,E10+,"Action, Platformer, 2D"
13 Sentinels: Aegis Rim,Vanillaware,Switch,04/12/2022,88.0,32,8.8,160,No Online Multiplayer,T,"Adventure, General"
What Remains of Edith Finch,Giant Sparrow,Switch,07/04/2019,88.0,7,7.8,115,No Online Multiplayer,T,"Adventure, 3D, First-Person"
Fez,Polytron Corp.,Switch,04/14/2021,88.0,14,6.8,51,No Online Multiplayer,,"Action, Platformer, 2D"
Metroid Dread,Mercury Steam,Switch,10/08/2021,88.0,124,8.7,2714,No Online Multiplayer,T,"Action, Action Adventure, Platformer, Open-World, None, Metroidvania"
Super Mario Maker 2,Nintendo,Switch,06/28/2019,88.0,98,8.5,955,Up to 4 ,E,"Action, Platformer, 2D"
Monster Hunter Rise,Capcom,Switch,03/26/2021,88.0,122,6.8,1074,Up to 4 ,T,"Role-Playing, Action RPG"
Downwell,Moppin,Switch,01/31/2019,88.0,11,7.3,97,No Online Multiplayer,E10+,"Action, General"
Diablo III: Eternal Collection,Blizzard Entertainment,Switch,11/02/2018,88.0,61,7.4,355,Up to 4 ,M,"Role-Playing, Action RPG"
SteamWorld Dig 2,Image & Form,Switch,09/21/2017,88.0,38,8.5,376,No Online Multiplayer,E10+,"Action, Action Adventure, General, Platformer, 2D, None, Metroidvania"
Ikaruga,Treasure,Switch,05/29/2018,88.0,25,7.8,63,No Online Multiplayer,E10+,"Action, Shooter, Shoot-'Em-Up, Vertical"
Cave Story +,Nicalis,Switch,06/20/2017,88.0,12,7.9,181,No Online Multiplayer,E10+,"Action, Platformer, 2D, None, Metroidvania"
Stardew Valley,ConcernedApe,Switch,10/05/2017,87.0,14,8.7,685,No Online Multiplayer,E10+,"Role-Playing, General"
Inscryption,Daniel Mullins Games,Switch,12/01/2022,87.0,8,8.2,37,No Online Multiplayer,M,"Strategy, Turn-Based, Card Battle"
Quake Remastered,id Software,Switch,08/19/2021,87.0,8,8.4,44,Up to 8 ,M,"Action, Shooter, First-Person, Arcade"
Cuphead,Studio MDHR,Switch,04/17/2019,87.0,40,8.4,485,No Online Multiplayer,E10+,"Action, Platformer, 2D"
The Stanley Parable: Ultra Deluxe,Crows Crows Crows,Switch,04/27/2022,87.0,11,8.2,38,No Online Multiplayer,E10+,"Adventure, 3D, First-Person"
Astral Chain,PlatinumGames,Switch,08/30/2019,87.0,92,8.9,3463,No Online Multiplayer,T,"Action Adventure, General"
Dragon Ball FighterZ,Arc System Works,Switch,09/28/2018,87.0,24,7.8,198,Up to 6 ,T,"Action, Fighting, 2D"
Kentucky Route Zero: TV Edition,Cardboard Computer,Switch,01/28/2020,87.0,19,7.2,81,No Online Multiplayer,T,"Adventure, General"
Guacamelee! 2,DrinkBox Studios,Switch,12/10/2018,87.0,17,8.3,72,Up to 4 ,,"Action, Platformer, 2D, None, Metroidvania"
Enter the Gungeon,Dodge Roll,Switch,12/14/2017,87.0,18,8.0,267,No Online Multiplayer,T,"Action, General, Shooter, Shoot-'Em-Up, Top-Down"
The Legend of Zelda: Link's Awakening,Nintendo,Switch,09/20/2019,87.0,111,8.4,1643,No Online Multiplayer,E,"Action Adventure, Open-World"
Super Mega Baseball 3,Metalhead Software,Switch,05/13/2020,87.0,9,8.0,32,Up to 4 ,E,"Sports, Team, Baseball, Arcade"
Two Point Campus,Two Point Studios,Switch,08/09/2022,87.0,9,6.7,10,No Online Multiplayer,T,"Strategy, Management, Business / Tycoon"
Tinykin,Splashteam,Switch,08/30/2022,87.0,8,8.4,21,No Online Multiplayer,E10+,"Action, Strategy, Real-Time, Platformer, 3D, Command"
Teenage Mutant Ninja Turtles: Shredder's Revenge,Tribute Games,Switch,06/16/2022,87.0,27,8.2,115,Up to 6 ,E10+,"Action, Beat-'Em-Up, 2D"
Theatrhythm Final Bar Line,indieszero,Switch,02/16/2023,87.0,42,7.3,49,Up to 8 ,T,"Action, Rhythm, Music"
Overcooked! All You Can Eat,Ghost Town Games Ltd.,Switch,03/23/2021,87.0,8,7.9,27,Up to 4 ,E,"Miscellaneous, Compilation"
OlliOlli World,roll7,Switch,02/08/2022,87.0,13,7.3,36,No Online Multiplayer,E10+,"Action, Platformer, 2D"
Axiom Verge,Tom Happ,Switch,10/05/2017,87.0,15,8.2,155,No Online Multiplayer,E10+,"Action, Action Adventure, General, Platformer, None, Metroidvania"
Grindstone,Capy Games,Switch,12/15/2020,87.0,13,7.4,22,No Online Multiplayer,T,"Puzzle, General, Matching"
Katamari Damacy REROLL,Bandai Namco Games,Switch,12/07/2018,87.0,23,7.8,114,No Online Multiplayer,E,"Action Adventure, General"
Owlboy,BlitWorks,Switch,02/13/2018,87.0,27,7.4,173,No Online Multiplayer,E10+,"Action Adventure, General"
Velocity 2X,FuturLab,Switch,09/20/2018,87.0,13,8.2,31,No Online Multiplayer,E10+,"Action, General, Shooter, Shoot-'Em-Up, Top-Down"
Streets of Rage 4,DotEmu,Switch,04/30/2020,87.0,16,8.6,180,2 ,T,"General, Action, Beat-'Em-Up, 2D"
There is no game : Wrong dimension,Draw Me A Pixel,Switch,04/14/2021,87.0,10,8.0,32,No Online Multiplayer,E10+,"Adventure, General, Point-and-Click"
Iconoclasts,Joakim Sandberg,Switch,08/02/2018,87.0,9,7.7,76,No Online Multiplayer,T,"Action, Action Adventure, Platformer, Open-World, None, Metroidvania"
The Last Friend,Stonebot Studio,Switch,04/07/2022,86.0,7,7.6,5,No Online Multiplayer,E10+,"Strategy, Real-Time, Defense"
Bustafellows,eXtend,Switch,07/30/2021,86.0,7,6.4,13,No Online Multiplayer,M,"Adventure, Visual Novel"
Rocket League,Psyonix,Switch,11/14/2017,86.0,32,7.8,396,Up to 8 ,E,"Sports, Team, Soccer, Arcade"
The Great Ace Attorney Chronicles,Capcom,Switch,07/27/2021,86.0,48,8.0,256,No Online Multiplayer,T,"Miscellaneous, Compilation"
Mario Kart 8 Deluxe: Booster Course Pass - Wave 4,Nintendo,Switch,03/09/2023,86.0,8,7.9,25,Up to 12 ,,"Racing, Arcade, Automobile"
Overboard!,inkle,Switch,06/02/2021,86.0,16,7.8,10,No Online Multiplayer,T,"Adventure, General"
The Messenger,Sabotage Studio,Switch,08/30/2018,86.0,42,8.4,229,No Online Multiplayer,E10+,"Action, Platformer, 2D, None, Metroidvania"
Disco Elysium: The Final Cut,ZA/UM,Switch,10/12/2021,86.0,19,8.3,89,No Online Multiplayer,M,"Role-Playing, General, Western-Style"
Unpacking,Witch Beam,Switch,11/02/2021,86.0,9,7.2,27,No Online Multiplayer,E,"Puzzle, Action, General"
Donkey Kong Country: Tropical Freeze,Retro Studios,Switch,05/04/2018,86.0,75,8.6,758,No Online Multiplayer,E,"Action, Platformer, 2D"
Monster Boy and the Cursed Kingdom,FDG Entertainment,Switch,12/04/2018,86.0,22,8.0,148,No Online Multiplayer,E10+,"Action, Action Adventure, General, Platformer, Metroidvania"
Transistor,Supergiant Games,Switch,11/01/2018,86.0,9,8.0,91,No Online Multiplayer,T,"Role-Playing, Action RPG"
Bayonetta 3,PlatinumGames,Switch,10/28/2022,86.0,123,7.2,636,No Online Multiplayer,M,"Action Adventure, Linear"
Minecraft,4J Studios,Switch,06/21/2018,86.0,24,7.4,394,Up to 8 ,E10+,"Action Adventure, Sandbox"
Shantae and the Pirate's Curse,WayForward,Switch,03/20/2018,86.0,11,8.0,80,No Online Multiplayer,T,"Action, Platformer, 2D"
Guacamelee! Super Turbo Championship Edition,DrinkBox Studios,Switch,10/08/2018,86.0,9,7.9,63,No Online Multiplayer,,"Action, Platformer, 2D, None, Metroidvania"
Elden Ring,From Software,Xbox Series X,02/25/2022,96.0,19,7.6,2946,Up to 4 ,M,"Role-Playing, Action RPG"
Persona 5 Royal,Atlus,Xbox Series X,10/21/2022,94.0,9,8.4,184,No Online Multiplayer,M,"Role-Playing, Japanese-Style"
The Witcher 3: Wild Hunt - Complete Edition,CD Projekt Red Studio,Xbox Series X,01/26/2023,94.0,7,8.5,221,No Online Multiplayer,M,"Role-Playing, Action RPG"
Hades,Supergiant Games,Xbox Series X,08/13/2021,93.0,18,8.6,321,No Online Multiplayer,T,"Role-Playing, Action Adventure, Linear, Roguelike"
The Stanley Parable: Ultra Deluxe,Crows Crows Crows,Xbox Series X,04/27/2022,93.0,7,8.6,60,No Online Multiplayer,E10+,"Adventure, 3D, First-Person"
Forza Horizon 5,Playground Games,Xbox Series X,11/05/2021,92.0,103,8.2,3882,Up to 12 ,E,"Racing, Simulation, Automobile"
Resident Evil 4,Capcom,Xbox Series X,03/24/2023,91.0,27,6.8,956,No Online Multiplayer,M,"Action Adventure, Survival"
Rogue Legacy 2,Cellar Door Games,Xbox Series X,04/28/2022,90.0,16,7.8,41,No Online Multiplayer,E10+,"Action, Role-Playing, Platformer, Roguelike, 2D"
Microsoft Flight Simulator,Asobo Studio,Xbox Series X,07/27/2021,90.0,34,7.9,602,Online Multiplayer,E,"Simulation, Flight, Civilian"
Street Fighter 6,Capcom,Xbox Series X,06/02/2023,90.0,16,3.9,46,2 ,T,"Action, Fighting, 2D"
Dead Space,Electronic Arts,Xbox Series X,01/27/2023,89.0,25,8.8,316,No Online Multiplayer,M,"Action Adventure, Survival"
Deathloop,Arkane Studios,Xbox Series X,09/20/2022,89.0,13,7.2,266,2 ,M,"Action, Shooter, First-Person, Arcade"
It Takes Two,Hazelight,Xbox Series X,03/26/2021,89.0,32,8.8,410,2 ,T,"Action Adventure, Linear"
Persona 4 Golden,Atlus,Xbox Series X,01/19/2023,89.0,9,7.7,36,No Online Multiplayer,M,"Role-Playing, Japanese-Style"
Tony Hawk's Pro Skater 1 + 2,Vicarious Visions,Xbox Series X,03/26/2021,89.0,8,6.9,39,Up to 8 ,T,"Sports, Individual, Skate / Skateboard"
Tetris Effect: Connected,Monstars Inc.,Xbox Series X,11/10/2020,88.0,25,7.8,90,Up to 4 ,E,"Puzzle, Stacking"
Immortality,Sam Barlow,Xbox Series X,08/30/2022,88.0,14,7.2,73,,,"Adventure, General"
F1 2021,Codemasters,Xbox Series X,07/13/2021,88.0,15,5.8,48,Up to 20 ,E,"Racing, Simulation, Automobile"
Return to Monkey Island,Terrible Toybox,Xbox Series X,11/08/2022,87.0,7,7.9,29,No Online Multiplayer,E10+,"Adventure, Point-and-Click"
Hogwarts Legacy,Avalanche Software,Xbox Series X,02/07/2023,87.0,20,8.6,865,No Online Multiplayer,T,"Action Adventure, Open-World, Role-Playing, Western-Style"
Psychonauts 2,Double Fine Productions,Xbox Series X,08/25/2021,87.0,67,7.7,1694,No Online Multiplayer,T,"Action, Action Adventure, Platformer, Open-World, 3D"
Hitman 3,Io Interactive,Xbox Series X,01/20/2021,87.0,33,8.3,234,No Online Multiplayer,M,"Action Adventure, General"
Death's Door,Acid Nerve,Xbox Series X,07/20/2021,87.0,30,8.4,188,No Online Multiplayer,E10+,"Action Adventure, General"
Hi-Fi Rush,Tango Gameworks,Xbox Series X,01/25/2023,87.0,55,9.0,2682,No Online Multiplayer,T,"Action, Platformer, 3D"
Tales of Arise,Bandai Namco Games,Xbox Series X,09/10/2021,87.0,15,8.5,124,No Online Multiplayer,T,"Role-Playing, Japanese-Style"
Persona 3 Portable,Atlus,Xbox Series X,01/19/2023,87.0,9,6.1,30,No Online Multiplayer,M,"Role-Playing, Japanese-Style"
Halo Infinite,343 Industries,Xbox Series X,12/08/2021,87.0,98,7.9,5431,Up to 24 ,T,"Action, Shooter, First-Person, Arcade"
Monster Hunter Rise,Capcom,Xbox Series X,01/20/2023,87.0,13,2.7,152,Up to 4 ,T,"Role-Playing, Action RPG"
Age of Empires II: Definitive Edition,Forgotten Empires LLC,Xbox Series X,01/31/2023,86.0,17,8.4,103,Up to 8 ,T,"Strategy, Real-Time, Command"
The Forgotten City,Modern Storyteller,Xbox Series X,07/28/2021,86.0,11,8.5,68,No Online Multiplayer,T,"Action Adventure, General"
Pentiment,Obsidian Entertainment,Xbox Series X,11/15/2022,86.0,56,7.4,386,No Online Multiplayer,M,"Adventure, General"
Tinykin,Splashteam,Xbox Series X,08/30/2022,86.0,7,8.6,88,No Online Multiplayer,E10+,"Action, Strategy, Real-Time, Platformer, 3D, Command"
OlliOlli World,roll7,Xbox Series X,02/08/2022,85.0,20,6.6,19,No Online Multiplayer,E10+,"Action, Platformer, 2D"
Judgment,Ryu ga Gotoku Studios,Xbox Series X,04/23/2021,85.0,14,8.9,74,No Online Multiplayer,M,"Action Adventure, Open-World"
Citizen Sleeper,Jump Over The Age,Xbox Series X,05/05/2022,85.0,9,7.8,16,No Online Multiplayer,T,"Role-Playing, Action Adventure, General, Western-Style"
Forza Horizon 5: Hot Wheels,Playground Games,Xbox Series X,07/19/2022,85.0,19,7.7,172,,,"Racing, Simulation, Automobile"
A Plague Tale: Requiem,Asobo Studio,Xbox Series X,10/18/2022,85.0,35,8.6,564,No Online Multiplayer,M,"Action Adventure, Linear"
Destiny 2: The Witch Queen,Bungie,Xbox Series X,02/22/2022,85.0,9,8.0,58,,M,"Action, Shooter, First-Person, Arcade"
Tunic,ISOMETRICORP Games,Xbox Series X,03/16/2022,85.0,21,7.8,312,No Online Multiplayer,E10+,"Role-Playing, Action Adventure, Action RPG, Open-World"
Devil May Cry 5: Special Edition,Capcom,Xbox Series X,11/10/2020,84.0,11,7.8,77,Up to 3 ,M,"Action Adventure, General"
Planet Coaster: Console Edition,Frontier Developments,Xbox Series X,11/10/2020,84.0,7,5.4,18,No Online Multiplayer,E,"Strategy, Management, Business / Tycoon"
Star Wars Jedi: Survivor,Respawn Entertainment,Xbox Series X,04/28/2023,84.0,14,6.1,211,No Online Multiplayer,T,"Open-World, Action Adventure, General"
Assassin's Creed Valhalla,Ubisoft Montreal,Xbox Series X,11/10/2020,84.0,46,7.7,1081,No Online Multiplayer,M,"Action Adventure, Open-World"
Two Point Campus,Two Point Studios,Xbox Series X,08/09/2022,84.0,9,6.8,18,No Online Multiplayer,T,"Strategy, Management, Business / Tycoon"
Marvel's Guardians of the Galaxy,Eidos Montreal,Xbox Series X,10/26/2021,84.0,26,8.7,443,No Online Multiplayer,T,"Role-Playing, Action RPG, Action Adventure, Linear"
Tails Of Iron,United Label,Xbox Series X,09/17/2021,84.0,8,7.3,19,,T,"Role-Playing, Action RPG"
Life is Strange: True Colors,Deck Nine Games,Xbox Series X,09/10/2021,84.0,17,6.2,131,No Online Multiplayer,M,"Action Adventure, General"
Yakuza: Like a Dragon,Ryu ga Gotoku Studios,Xbox Series X,11/10/2020,83.0,25,8.3,174,No Online Multiplayer,M,"Role-Playing, Japanese-Style"
Subnautica: Below Zero,Unknown Worlds Entertainment,Xbox Series X,05/14/2021,83.0,12,7.8,56,No Online Multiplayer,E10+,"Adventure, General, Action Adventure, Sandbox"
Crusader Kings III,Lab42,Xbox Series X,03/29/2022,83.0,9,6.2,11,,T,"Strategy, Real-Time, General"
Resident Evil Village,Capcom,Xbox Series X,05/07/2021,83.0,13,5.5,573,No Online Multiplayer,M,"Action Adventure, Survival"
Crisis Core: Final Fantasy VII Reunion,Square Enix,Xbox Series X,12/13/2022,83.0,7,8.1,1002,No Online Multiplayer,T,"Role-Playing, Action RPG"
GhostWire: Tokyo,Tango Gameworks,Xbox Series X,04/12/2023,82.0,20,7.3,135,No Online Multiplayer,T,"Action Adventure, General"
Grounded,Obsidian Entertainment,Xbox Series X,09/27/2022,82.0,27,7.9,165,Up to 4 ,T,"Survival, Action Adventure, Sandbox"
Gears Tactics,Splash Damage,Xbox Series X,11/10/2020,82.0,15,7.2,128,No Online Multiplayer,M,"Strategy, Turn-Based, Tactics"
Knockout City,Electronic Arts,Xbox Series X,05/21/2021,82.0,7,7.2,35,Up to 8 ,E10+,"Sports, Team, Other"
LEGO Star Wars: The Skywalker Saga,Warner Bros. Interactive Entertainment,Xbox Series X,04/05/2022,82.0,51,8.0,99,No Online Multiplayer,E10+,"Action Adventure, General"
Teenage Mutant Ninja Turtles: The Cowabunga Collection,Konami,Xbox Series X,08/30/2022,81.0,13,6.7,10,Up to 4 ,T,"Miscellaneous, Compilation"
MLB The Show 21,Sony Interactive Entertainment San Diego Studio,Xbox Series X,04/16/2021,81.0,8,6.9,138,Up to 8 ,E,"Sports, Team, Baseball, Sim"
MotoGP 22,Milestone S.r.l,Xbox Series X,04/21/2022,81.0,11,5.7,7,Up to 12 ,E,"Racing, Simulation, Automobile"
DIRT 5,Codemasters,Xbox Series X,11/10/2020,81.0,17,6.2,78,Up to 12 ,E,"Racing, Simulation, Automobile"
WWE 2K23,Visual Concepts,Xbox Series X,03/14/2023,81.0,25,6.8,17,Up to 8 ,T,"Sports, Individual, Combat, Wrestling"
Marvel's Midnight Suns,Firaxis Games,Xbox Series X,12/02/2022,81.0,13,8.1,50,No Online Multiplayer,T,"Strategy, Turn-Based, Tactics"
F1 22,Codemasters,Xbox Series X,06/28/2022,81.0,22,4.5,39,Up to 22 ,E,"Action, General, Racing, Simulation, Automobile"
Chivalry 2,Torn Banner Studios,Xbox Series X,06/08/2021,81.0,11,6.5,53,Up to 64 ,M,"Action, Beat-'Em-Up, 3D"
Blacktail,The Parasight,Xbox Series X,12/15/2022,81.0,7,8.1,10,No Online Multiplayer,T,"Action, Shooter, First-Person, Arcade"
Immortals Fenyx Rising,Ubisoft Quebec,Xbox Series X,12/03/2020,81.0,53,7.7,284,No Online Multiplayer,T,"Action Adventure, Open-World"
MLB The Show 22,Sony Interactive Entertainment San Diego Studio,Xbox Series X,04/01/2022,80.0,15,5.8,29,Up to 8 ,E,"Sports, Team, Baseball, Sim"
WRC 10 The Official Game,KT Racing,Xbox Series X,09/02/2021,80.0,12,6.8,11,Up to 8 ,E,"Racing, Simulation, Automobile"
Alan Wake Remastered,Remedy Entertainment,Xbox Series X,10/05/2021,80.0,23,7.9,85,No Online Multiplayer,T,"Action Adventure, Survival"
The Artful Escape,Beethoven & Dinosaur,Xbox Series X,09/09/2021,80.0,34,7.7,77,,E10+,"Action, Adventure, General, Platformer, 2D"
NBA 2K23,Visual Concepts,Xbox Series X,09/09/2022,80.0,28,4.8,32,,E,"Sports, Team, Basketball, Sim"
FAR: Changing Tides,Okomotive,Xbox Series X,03/01/2022,80.0,16,7.0,33,No Online Multiplayer,E,"Action Adventure, Linear"
NBA 2K21,Visual Concepts,Xbox Series X,11/10/2020,80.0,22,4.5,51,Up to 10 ,E,"Sports, Team, Basketball, Arcade"
Diablo II: Resurrected,Blizzard Entertainment,Xbox Series X,09/23/2021,80.0,10,3.9,99,Up to 8 ,M,"Role-Playing, Action RPG"
Planet of Lana,Wishfully,Xbox Series X,05/23/2023,80.0,21,8.1,89,No Online Multiplayer,E10+,"Adventure, Action Adventure, General"
F1 Manager 2022,Frontier Developments,Xbox Series X,08/30/2022,80.0,11,7.8,8,,E,"Racing, Simulation, Other"
Lost Judgment,Sega,Xbox Series X,09/24/2021,80.0,18,8.4,43,No Online Multiplayer,M,"Action Adventure, Open-World"
The King of Fighters XV,SNK Corporation,Xbox Series X,02/14/2022,79.0,17,6.2,35,Up to 10 ,T,"Action, Fighting, 2D"
Far Cry 6,Ubisoft Toronto,Xbox Series X,10/07/2021,79.0,42,5.4,297,2 ,M,"Action Adventure, Open-World"
Moonglow Bay,Bunnyhug,Xbox Series X,10/07/2021,79.0,11,4.8,9,No Online Multiplayer,E,"Strategy, General, Management, Business / Tycoon"
Evil Genius 2: World Domination,Rebellion,Xbox Series X,11/30/2021,79.0,7,6.6,11,No Online Multiplayer,T,"Strategy, Real-Time, General"
Metal: Hellsinger,The Outsiders,Xbox Series X,09/15/2022,79.0,15,8.0,47,No Online Multiplayer,T,"Action, Shooter, First-Person, Arcade"
The Dark Pictures Anthology: The Devil in Me,Supermassive Games,Xbox Series X,11/18/2022,79.0,11,6.6,26,2 ,M,"Action Adventure, Adventure, 3D, Survival, Third-Person"
Klonoa Phantasy Reverie Series,Bandai Namco Games,Xbox Series X,07/08/2022,79.0,10,8.5,13,No Online Multiplayer,E10+,"Miscellaneous, Compilation"
Riders Republic,Ubisoft,Xbox Series X,10/28/2021,79.0,25,6.4,38,,T,"Sports, Individual, Other"
FIFA 23,EA Sports,Xbox Series X,09/27/2022,79.0,18,2.9,83,Up to 22 ,E,"Sports, Team, Soccer, Sim"
Nobody Saves the World,DrinkBox Studios,Xbox Series X,01/18/2022,79.0,21,7.9,72,2 ,T,"Role-Playing, Action RPG"
Cris Tales,Dreams Uncorporated,Xbox Series X,07/20/2021,79.0,10,7.5,31,No Online Multiplayer,T,"Role-Playing, Japanese-Style"
Grand Theft Auto V,Rockstar North,Xbox Series X,03/15/2022,79.0,11,3.8,246,Up to 30 ,M,"Action Adventure, Open-World"
Wo Long: Fallen Dynasty,Team Ninja,Xbox Series X,03/03/2023,79.0,28,8.2,461,Up to 5 ,M,"Action Adventure, Linear, Role-Playing, Action RPG"
Observer: System Redux,Bloober Team,Xbox Series X,11/10/2020,79.0,29,7.1,25,No Online Multiplayer,M,"Adventure, 3D, First-Person"
Like a Dragon: Ishin!,Ryu ga Gotoku Studios,Xbox Series X,02/18/2023,79.0,22,7.8,32,No Online Multiplayer,M,"Action Adventure, Open-World"
Lemnis Gate,Ratloop Games Canada,Xbox Series X,09/28/2021,78.0,7,4.5,11,Up to 4 ,T,"Action, Shooter, First-Person, Arcade"
The Quarry,Supermassive Games,Xbox Series X,06/10/2022,78.0,14,7.5,90,Up to 8 ,M,"Action Adventure, Survival"
Red Dead Redemption 2,Rockstar Games,PlayStation 4,10/26/2018,97.0,99,8.7,20684,Up to 32 ,M,"Action Adventure, Open-World"
Grand Theft Auto V,Rockstar North,PlayStation 4,11/18/2014,97.0,66,8.4,7749,Up to 30 ,M,"Action Adventure, Modern, Open-World"
Persona 5 Royal,Atlus,PlayStation 4,03/31/2020,95.0,71,8.5,3626,No Online Multiplayer,M,"Role-Playing, Japanese-Style"
The Last of Us Remastered,Naughty Dog,PlayStation 4,07/29/2014,95.0,70,9.2,19216,Up to 8 ,M,"Action Adventure, General, Modern, Linear"
God of War,SCE Santa Monica,PlayStation 4,04/20/2018,94.0,118,9.1,22987,No Online Multiplayer,M,"Action Adventure, Linear"
The Last of Us Part II,Naughty Dog,PlayStation 4,06/19/2020,93.0,121,5.8,161481,No Online Multiplayer,M,"General, Action Adventure, Survival"
Persona 5,Atlus,PlayStation 4,04/04/2017,93.0,98,8.7,5533,No Online Multiplayer,M,"Role-Playing, Japanese-Style"
Metal Gear Solid V: The Phantom Pain,Kojima Productions,PlayStation 4,09/01/2015,93.0,86,8.2,6325,Up to 16 ,M,"Modern, Action Adventure, Modern, Open-World"
Uncharted 4: A Thief's End,Naughty Dog,PlayStation 4,05/10/2016,93.0,113,8.8,16685,Up to 10 ,T,"General, Modern, Action Adventure, Linear"
Journey,Tricky Pixels,PlayStation 4,07/21/2015,92.0,45,8.3,2717,2 ,E,"Action, Platformer, 3D"
Bloodborne,From Software,PlayStation 4,03/24/2015,92.0,100,8.9,12854,Up to 5 ,M,"Fantasy, Role-Playing, Action Adventure, General, Action RPG"
Undertale,tobyfox,PlayStation 4,08/15/2017,92.0,18,7.3,961,No Online Multiplayer,E10+,"Role-Playing, Japanese-Style"
The Witcher 3: Wild Hunt,CD Projekt Red Studio,PlayStation 4,05/19/2015,92.0,79,9.2,18448,No Online Multiplayer,M,"Action RPG, Role-Playing, Action RPG"
Divinity: Original Sin II - Definitive Edition,Larian Studios Games,PlayStation 4,08/31/2018,92.0,46,8.0,499,Up to 4 ,M,"Role-Playing, Western-Style"
Final Fantasy XIV: Shadowbringers,Square Enix,PlayStation 4,07/02/2019,91.0,18,8.7,481,,T,"Role-Playing, Massively Multiplayer"
Shadow of the Colossus,Bluepoint Games,PlayStation 4,02/06/2018,91.0,100,7.8,2697,No Online Multiplayer,T,"Action Adventure, General"
The Witcher 3: Wild Hunt - Blood and Wine,CD Projekt Red Studio,PlayStation 4,05/30/2016,91.0,27,9.2,2027,No Online Multiplayer,M,"Role-Playing, Action RPG"
Celeste,Matt Makes Games Inc.,PlayStation 4,01/25/2018,91.0,7,7.7,475,No Online Multiplayer,E10+,"Action, Platformer, 2D"
INSIDE,PLAYDEAD,PlayStation 4,08/23/2016,91.0,18,8.5,1022,,M,"Action, Platformer, 2D"
NieR: Automata - Game of the YoRHa Edition,PlatinumGames,PlayStation 4,02/26/2019,91.0,10,8.9,758,No Online Multiplayer,M,"Role-Playing, Action RPG"
Resident Evil 2,Capcom R&D Division 1,PlayStation 4,01/25/2019,91.0,85,9.0,4740,No Online Multiplayer,M,"Action Adventure, Survival"
Dragon Quest XI S: Echoes of an Elusive Age - Definitive Edition,Square Enix,PlayStation 4,12/04/2020,91.0,25,8.0,162,No Online Multiplayer,T,"Role-Playing, Japanese-Style"
flower,Bluepoint Games,PlayStation 4,11/15/2013,91.0,11,7.3,760,1 Player,E,"General, Miscellaneous, General"
Diablo III: Ultimate Evil Edition,Blizzard Entertainment,PlayStation 4,08/19/2014,90.0,63,7.8,1556,Up to 4 ,M,"Action RPG, Role-Playing, Action RPG"
Overwatch,Blizzard Entertainment,PlayStation 4,05/23/2016,90.0,31,6.4,2330,Up to 12 ,T,"Action, Shooter, First-Person, Tactical"
Shovel Knight,Yacht Club Games,PlayStation 4,04/21/2015,90.0,18,7.7,448,,E,"Action, Platformer, 2D"
Rayman Legends,Ubisoft Montpellier,PlayStation 4,02/18/2014,90.0,16,8.3,1079,No Online Multiplayer,E10+,"Platformer, 2D, Action, Platformer, 2D"
Fez,Polytron Corp.,PlayStation 4,03/25/2014,90.0,17,6.4,582,No Online Multiplayer,E,"Action, Platformer, Platformer, 2D, 2D"
Monster Hunter: World,Capcom,PlayStation 4,01/26/2018,90.0,93,7.7,1968,Up to 4 ,T,"Role-Playing, Action RPG"
Tales From The Borderlands: Episode 5 - The Vault of the Traveler,Telltale Games,PlayStation 4,10/20/2015,90.0,7,7.9,196,,M,"Adventure, General"
The Witcher 3: Wild Hunt - Hearts of Stone,CD Projekt Red Studio,PlayStation 4,10/12/2015,90.0,25,9.0,2026,No Online Multiplayer,M,"Role-Playing, Action RPG"
Sekiro: Shadows Die Twice,From Software,PlayStation 4,03/22/2019,90.0,76,8.5,5055,No Online Multiplayer,M,"Action Adventure, General"
Astro Bot: Rescue Mission,JapanStudio,PlayStation 4,10/02/2018,90.0,51,9.0,553,No Online Multiplayer,E10+,"Action Adventure, General"
Monster Hunter: World - Iceborne,Capcom,PlayStation 4,09/06/2019,89.0,65,8.4,343,,T,"Role-Playing, Action RPG"
Rez Infinite,Q Entertainment,PlayStation 4,10/13/2016,89.0,47,7.5,212,,E10+,"Action, Shooter, Rail"
Titanfall 2,Respawn Entertainment,PlayStation 4,10/28/2016,89.0,61,8.6,2369,Up to 16 ,M,"Action, Shooter, First-Person, Arcade"
Dark Souls III,From Software,PlayStation 4,04/12/2016,89.0,69,9.0,5084,Up to 6 ,M,"Role-Playing, Action RPG"
Tetris Effect,Enhance Games,PlayStation 4,11/09/2018,89.0,72,7.5,233,No Online Multiplayer,E,"Puzzle, Stacking"
Final Fantasy XIV: Stormblood,Square Enix,PlayStation 4,06/20/2017,89.0,15,8.9,486,Massively Multiplayer,T,"Role-Playing, Massively Multiplayer"
It Takes Two,Hazelight,PlayStation 4,03/26/2021,89.0,17,8.9,617,2 ,T,"Action Adventure, Linear"
Bastion,Supergiant Games,PlayStation 4,04/07/2015,89.0,13,7.7,358,,E10+,"Role-Playing, Action RPG"
Apex Legends,Respawn Entertainment,PlayStation 4,02/04/2019,89.0,28,6.9,1556,Up to 60 ,T,"Action, Shooter, First-Person, Tactical"
Synth Riders,Kluge Interactive,PlayStation 4,08/10/2021,89.0,8,7.0,16,Up to 10 ,T,"Action, Rhythm, Music"
Dreams,Media Molecule,PlayStation 4,02/14/2020,89.0,80,8.7,1410,Online Multiplayer,T,"Miscellaneous, General, Action Adventure, Sandbox"
Dragon Age: Inquisition,BioWare,PlayStation 4,11/18/2014,89.0,43,7.5,2958,Up to 4 ,M,"General, Role-Playing, General, Action RPG, Western-Style"
Tony Hawk's Pro Skater 1 + 2,Vicarious Visions,PlayStation 4,09/04/2020,89.0,74,8.7,571,Up to 8 ,T,"Sports, Individual, Skate / Skateboard"
Battlefield 1,EA DICE,PlayStation 4,10/18/2016,89.0,34,7.9,2498,Up to 64 ,M,"Action, General, Shooter, First-Person, Tactical"
Horizon Zero Dawn,Guerrilla,PlayStation 4,02/28/2017,89.0,115,8.4,12263,No Online Multiplayer,T,"Role-Playing, Action Adventure, Action RPG, Open-World"
Minecraft: PlayStation 4 Edition,4J Studios,PlayStation 4,09/03/2014,89.0,14,7.0,766,Up to 8 ,E10+,"Action Adventure, Adventure, 3D, Sandbox, First-Person, Fantasy, Fantasy"
What Remains of Edith Finch,Giant Sparrow,PlayStation 4,04/25/2017,88.0,65,8.3,861,No Online Multiplayer,T,"General, Adventure, 3D, First-Person"
The Binding of Isaac: Rebirth,Nicalis,PlayStation 4,11/04/2014,88.0,15,7.8,578,,M,"Horror, Action, Action Adventure, Shooter, Survival, Shoot-'Em-Up, Top-Down"
NieR: Automata,PlatinumGames,PlayStation 4,03/07/2017,88.0,101,8.9,4532,No Online Multiplayer,M,"Role-Playing, Action RPG"
Rise of the Tomb Raider: 20 Year Celebration,Crystal Dynamics,PlayStation 4,10/11/2016,88.0,55,8.0,1954,2 ,M,"Action Adventure, Linear"
NBA 2K17,Visual Concepts,PlayStation 4,09/16/2016,88.0,47,6.3,317,Up to 10 ,E,"Sports, Team, Basketball, Sim"
Dishonored 2,Arkane Studios,PlayStation 4,11/10/2016,88.0,62,8.5,1932,No Online Multiplayer,M,"Action Adventure, General"
Injustice 2: Legendary Edition,NetherRealm Studios,PlayStation 4,03/27/2018,88.0,7,7.7,275,2 ,,"Action, Fighting, 2D"
Divinity: Original Sin Enhanced Edition,Larian Studios Games,PlayStation 4,10/27/2015,88.0,39,8.0,589,2 ,M,"Role-Playing, Action RPG, Western-Style"
Devil May Cry 5,Capcom,PlayStation 4,03/08/2019,88.0,42,8.4,1835,Up to 3 ,M,"Action Adventure, General"
Slay the Spire,Mega Crit Games,PlayStation 4,05/21/2019,88.0,7,7.2,128,No Online Multiplayer,E10+,"Strategy, Turn-Based, Card Battle"
Owlboy,BlitWorks,PlayStation 4,04/10/2018,88.0,10,6.7,118,No Online Multiplayer,E10+,"Action Adventure, General"
Keep Talking and Nobody Explodes,Steel Crate Games,PlayStation 4,10/13/2016,88.0,9,7.3,64,,E10+,"Adventure, 3D, First-Person"
The Talos Principle: Deluxe Edition,Croteam,PlayStation 4,10/13/2015,88.0,31,8.2,243,,T,"Adventure, 3D, First-Person, Sci-Fi"
Pistol Whip,Cloudhead Games,PlayStation 4,07/30/2020,88.0,12,7.2,48,No Online Multiplayer,,"Action, Shooter, Light Gun"
Nex Machina: Death Machine,Housemarque,PlayStation 4,06/20/2017,88.0,47,8.0,165,,T,"Action, Shooter, Shoot-'Em-Up, Top-Down"
Nioh,Team Ninja,PlayStation 4,02/07/2017,88.0,100,8.3,2612,2 ,M,"Role-Playing, Action RPG"
Kentucky Route Zero: TV Edition,Cardboard Computer,PlayStation 4,01/28/2020,88.0,16,6.1,95,No Online Multiplayer,T,"Adventure, General"
Guacamelee! Super Turbo Championship Edition,DrinkBox Studios,PlayStation 4,07/01/2014,87.0,30,7.7,411,,E10+,"Action, Platformer, 2D, None, Metroidvania"
Frostpunk: Console Edition,11 bit studios,PlayStation 4,10/11/2019,87.0,18,8.0,120,No Online Multiplayer,M,"Strategy, Action Adventure, Management, Survival, Government"
Bloodborne: The Old Hunters,From Software,PlayStation 4,11/24/2015,87.0,61,8.9,2235,,M,"Role-Playing, Action RPG"
XCOM 2,Firaxis Games,PlayStation 4,09/27/2016,87.0,29,7.2,511,2 ,T,"Strategy, Turn-Based, General, Tactics"
Injustice 2,NetherRealm Studios,PlayStation 4,05/16/2017,87.0,90,8.0,841,2 ,T,"Action, Fighting, 2D"
The Witness,"Thekla, Inc",PlayStation 4,01/26/2016,87.0,82,7.5,840,,E,"Miscellaneous, General, General, Puzzle, Puzzle, Adventure, 3D, First-Person"
Dead Cells,Motion Twin,PlayStation 4,08/07/2018,87.0,31,7.8,284,No Online Multiplayer,T,"Action, Platformer, 2D"
Sid Meier's Civilization VI,Aspyr,PlayStation 4,11/22/2019,87.0,27,6.7,230,Up to 12 ,E10+,"Strategy, Turn-Based, 4X"
Final Fantasy VII Remake,Square Enix,PlayStation 4,04/10/2020,87.0,126,8.1,7872,No Online Multiplayer,T,"Japanese-Style, Role-Playing, Action RPG"
Street Fighter V: Arcade Edition,Capcom,PlayStation 4,01/16/2018,87.0,36,6.4,388,Up to 8 ,T,"Action, Fighting, 2D"
Night in the Woods,Infinite Fall,PlayStation 4,02/21/2017,87.0,15,7.3,199,,T,"Fantasy, Action Adventure, Adventure, General"
Chained Echoes,Matthias Linda,PlayStation 4,12/08/2022,87.0,7,8.4,51,No Online Multiplayer,M,"Role-Playing, Japanese-Style"
Quake Remastered,id Software,PlayStation 4,08/19/2021,87.0,7,6.3,26,Up to 8 ,M,"Action, Shooter, First-Person, Arcade"
Dragon Ball FighterZ,Arc System Works,PlayStation 4,01/26/2018,87.0,74,8.0,662,2 ,T,"Action, Fighting, 2D"
Batman: Arkham Knight,Rocksteady Studios,PlayStation 4,06/23/2015,87.0,89,8.0,4903,No Online Multiplayer,M,"General, Fantasy, Action Adventure, Open-World"
Marvel's Spider-Man,Insomniac Games,PlayStation 4,09/07/2018,87.0,116,8.7,8962,No Online Multiplayer,T,"Action Adventure, Open-World"
Okami HD,Capcom,PlayStation 4,12/12/2017,87.0,39,8.2,222,No Online Multiplayer,T,"Action Adventure, General"
TowerFall Ascension,Matt Thorson,PlayStation 4,03/11/2014,87.0,31,7.1,466,,E10+,"Action, General, Platformer, 2D"
Monster Boy and the Cursed Kingdom,FDG Entertainment,PlayStation 4,12/04/2018,87.0,18,8.0,83,No Online Multiplayer,E10+,"Action, Action Adventure, General, Platformer, Metroidvania"
FIFA 14,EA Canada,PlayStation 4,11/12/2013,87.0,26,6.3,754,Up to 22 ,E,"Sports, Traditional, Team, Soccer, Sim, Sim"
DOOM Eternal,id Software,PlayStation 4,03/20/2020,87.0,48,8.9,3863,Up to 3 ,M,"Action, Shooter, First-Person, Arcade"
Pro Evolution Soccer 2016,Konami,PlayStation 4,09/15/2015,87.0,54,7.2,725,Up to 22 ,E,"Sports, Team, Soccer, Sim"
Zero Escape: The Nonary Games,Spike Chunsoft,PlayStation 4,03/24/2017,87.0,10,8.3,144,No Online Multiplayer,M,"Miscellaneous, Compilation"
Mass Effect Legendary Edition,BioWare,PlayStation 4,05/14/2021,87.0,46,6.8,857,No Online Multiplayer,M,"Miscellaneous, Compilation"
Wolfenstein II: The New Colossus,MachineGames,PlayStation 4,10/27/2017,87.0,70,7.4,1571,No Online Multiplayer,M,"Action, Shooter, First-Person, Arcade"
Odin Sphere Leifthrasir,Vanillaware,PlayStation 4,06/07/2016,87.0,49,8.2,288,No Online Multiplayer,T,"Role-Playing, Action RPG"
Theatrhythm Final Bar Line,indieszero,PlayStation 4,02/16/2023,87.0,33,6.6,38,Up to 4 ,T,"Action, Rhythm, Music"
Dark Souls II: Scholar of the First Sin,From Software,PlayStation 4,04/07/2015,87.0,42,7.7,1416,Up to 6 ,T,"Role-Playing, Action RPG"
Sonic Mania Plus,Sega,PlayStation 4,07/17/2018,87.0,25,8.3,196,2 ,E,"Action, Platformer, 2D"
Psychonauts 2,Double Fine Productions,PlayStation 4,08/25/2021,87.0,7,5.5,284,No Online Multiplayer,T,"Beat-'Em-Up, Action, Action Adventure, Platformer, Open-World, 3D"
NBA 2K16,Visual Concepts,PlayStation 4,09/25/2015,87.0,51,6.7,462,Up to 10 ,E10+,"Action, General, Sports, Team, Basketball, Sim"
Spelunky 2,Mossmouth,PlayStation 4,09/15/2020,87.0,41,7.8,79,Up to 4 ,T,"Action, Platformer, 2D"
Fallout 4,Bethesda Game Studios,PlayStation 4,11/10/2015,87.0,58,6.8,6004,No Online Multiplayer,M,"General, Role-Playing, Western-Style"
Uncharted: The Nathan Drake Collection,Bluepoint Games,PlayStation 4,10/09/2015,86.0,78,8.6,3451,No Online Multiplayer,T,"Miscellaneous, Action Adventure, General, Compilation"
Red Dead Redemption 2,Rockstar Games,Xbox One,10/26/2018,97.0,33,8.3,4924,Up to 32 ,M,"Action Adventure, Open-World"
Grand Theft Auto V,Rockstar North,Xbox One,11/18/2014,97.0,14,7.9,1813,Up to 30 ,M,"Action Adventure, Modern, Open-World"
Metal Gear Solid V: The Phantom Pain,Kojima Productions,Xbox One,09/01/2015,95.0,10,7.6,1369,Up to 16 ,M,"Modern, Modern, Action Adventure, Open-World"
Celeste,Matt Makes Games Inc.,Xbox One,01/26/2018,94.0,10,7.7,423,No Online Multiplayer,E10+,"Action, Platformer, 2D"
Resident Evil 2,Capcom R&D Division 1,Xbox One,01/25/2019,93.0,27,8.8,1187,No Online Multiplayer,M,"Action Adventure, Survival"
INSIDE,PLAYDEAD,Xbox One,06/29/2016,93.0,87,8.4,761,,M,"Action, Platformer, 2D"
Forza Horizon 4,Playground Games,Xbox One,09/28/2018,92.0,88,8.3,1786,Up to 12 ,E,"Racing, Simulation, Automobile"
Divinity: Original Sin II - Definitive Edition,Larian Studios Games,Xbox One,08/31/2018,92.0,12,7.7,148,Online Multiplayer,M,"Role-Playing, Western-Style"
What Remains of Edith Finch,Giant Sparrow,Xbox One,07/19/2017,92.0,12,7.9,315,No Online Multiplayer,T,"Adventure, 3D, First-Person"
Cuphead in the Delicious Last Course,Studio MDHR,Xbox One,06/30/2022,92.0,9,8.4,54,No Online Multiplayer,E10+,"Action, Platformer, 2D"
Dragon Quest XI S: Echoes of an Elusive Age - Definitive Edition,Square Enix,Xbox One,12/04/2020,92.0,16,8.5,166,No Online Multiplayer,T,"Role-Playing, Japanese-Style"
The Witcher 3: Wild Hunt,CD Projekt Red Studio,Xbox One,05/19/2015,91.0,13,9.1,5573,No Online Multiplayer,M,"Action RPG, Role-Playing, Action RPG"
Overwatch,Blizzard Entertainment,Xbox One,05/23/2016,91.0,18,5.9,981,Up to 12 ,T,"Action, Shooter, First-Person, Tactical"
Sekiro: Shadows Die Twice,From Software,Xbox One,03/22/2019,91.0,31,9.0,1737,No Online Multiplayer,M,"Action Adventure, General"
Forza Horizon 3,Playground Games,Xbox One,09/23/2016,91.0,91,8.2,1271,Up to 12 ,E,"Racing, Simulation, Automobile"
Dead Cells,Motion Twin,Xbox One,08/07/2018,91.0,18,8.2,171,No Online Multiplayer,T,"Action, Platformer, 2D"
Psychonauts 2,Double Fine Productions,Xbox One,08/25/2021,91.0,11,6.4,361,No Online Multiplayer,T,"Beat-'Em-Up, Action, Action Adventure, Platformer, Open-World, 3D"
F1 2020,Codemasters,Xbox One,07/10/2020,91.0,20,7.4,115,Up to 20 ,E,"Racing, Simulation, Automobile"
Monster Hunter: World - Iceborne,Capcom,Xbox One,09/06/2019,90.0,9,8.1,77,,T,"Role-Playing, Action RPG"
NieR: Automata - Become as Gods Edition,PlatinumGames,Xbox One,06/26/2018,90.0,30,9.1,798,No Online Multiplayer,M,"Role-Playing, Action RPG"
Monster Hunter: World,Capcom,Xbox One,01/26/2018,90.0,17,7.2,483,Up to 4 ,T,"Role-Playing, Action RPG"
Ori and the Will of the Wisps,Moon Studios,Xbox One,03/11/2020,90.0,71,8.9,1831,No Online Multiplayer,E,"Action, Platformer, 2D, None, Metroidvania"
NBA 2K17,Visual Concepts,Xbox One,09/16/2016,90.0,17,5.9,144,,E,"Sports, Team, Basketball, Sim"
Yakuza 0,Ryu ga Gotoku Studios,Xbox One,02/26/2020,90.0,9,8.2,220,No Online Multiplayer,M,"Action Adventure, Open-World"
Mass Effect Legendary Edition,BioWare,Xbox One,05/14/2021,90.0,30,7.0,405,No Online Multiplayer,M,"Miscellaneous, Compilation"
Yakuza: Like a Dragon,Sega,Xbox One,11/10/2020,89.0,18,8.5,138,No Online Multiplayer,M,"Role-Playing, Japanese-Style"
F1 2019,Codemasters,Xbox One,06/25/2019,89.0,15,7.0,58,Up to 20 ,E,"Racing, Simulation, Automobile"
Dark Souls II: Scholar of the First Sin,From Software,Xbox One,04/07/2015,89.0,11,7.8,286,Up to 6 ,T,"Role-Playing, Action RPG"
Hollow Knight: Voidheart Edition,Team Cherry,Xbox One,09/25/2018,89.0,7,8.7,146,No Online Multiplayer,E10+,"Action, Action Adventure, General, Platformer, None, Metroidvania"
Stardew Valley,"Sickhead Games, LLC",Xbox One,12/14/2016,89.0,10,7.8,137,No Online Multiplayer,E10+,"Role-Playing, General"
Destiny: The Taken King,Bungie Software,Xbox One,09/15/2015,89.0,11,5.3,424,,T,"Action, Shooter, First-Person, Arcade"
Injustice 2,NetherRealm Studios,Xbox One,05/16/2017,89.0,23,8.1,286,2 ,T,"Action, Fighting, 2D"
Fallout 4,Bethesda Game Studios,Xbox One,11/10/2015,88.0,39,6.7,2254,No Online Multiplayer,M,"General, Role-Playing, Western-Style"
N++,Metanet Software Inc.,Xbox One,10/04/2017,88.0,7,5.6,21,No Online Multiplayer,E10+,"Action, Platformer, 2D"
Divinity: Original Sin Enhanced Edition,Larian Studios Games,Xbox One,10/27/2015,88.0,7,7.6,145,2 ,M,"Role-Playing, Action RPG, Western-Style"
FIFA 14,EA Canada,Xbox One,11/19/2013,88.0,22,5.8,360,Up to 22 ,E,"Sim, Sports, Traditional, Team, Soccer, Sim"
Ori and the Blind Forest: Definitive Edition,Moon Studios,Xbox One,03/11/2016,88.0,24,8.2,445,No Online Multiplayer,E,"Action, Platformer, 2D, None, Metroidvania"
Dishonored 2,Arkane Studios,Xbox One,11/10/2016,88.0,25,8.8,794,No Online Multiplayer,M,"Action Adventure, General"
The Banner Saga 3,Stoic,Xbox One,07/26/2018,88.0,9,7.5,28,No Online Multiplayer,T,"Strategy, Turn-Based, Tactics"
DOOM Eternal,id Software,Xbox One,03/19/2020,88.0,33,9.0,1953,Up to 3 ,M,"Action, Shooter, First-Person, Arcade"
Tony Hawk's Pro Skater 1 + 2,Vicarious Visions,Xbox One,09/04/2020,88.0,25,7.8,85,Up to 8 ,T,"Sports, Individual, Skate / Skateboard"
Minecraft: Xbox One Edition,4J Studios,Xbox One,11/18/2014,88.0,14,7.4,427,Up to 8 ,E10+,"Action Adventure, Adventure, 3D, Sandbox, First-Person, Fantasy, Fantasy"
Guacamelee! Super Turbo Championship Edition,DrinkBox Studios,Xbox One,07/02/2014,88.0,7,7.0,197,No Online Multiplayer,E10+,"Action, Platformer, 2D, None, Metroidvania"
Ori and the Blind Forest,Moon Studios,Xbox One,03/11/2015,88.0,73,8.6,1155,No Online Multiplayer,E,"Action, Platformer, 2D, None, Metroidvania"
Apex Legends,Respawn Entertainment,Xbox One,02/04/2019,88.0,10,7.1,373,Online Multiplayer,T,"Action, Shooter, First-Person, Tactical"
Wolfenstein II: The New Colossus,MachineGames,Xbox One,10/27/2017,88.0,22,7.0,598,No Online Multiplayer,M,"Action, Shooter, First-Person, Arcade"
Hellblade: Senua's Sacrifice,Ninja Theory,Xbox One,04/11/2018,88.0,18,8.0,782,No Online Multiplayer,M,"Action Adventure, General"
Death's Door,Acid Nerve,Xbox One,07/20/2021,87.0,8,7.1,57,No Online Multiplayer,E10+,"Action Adventure, General"
Devil May Cry 5,Capcom,Xbox One,03/08/2019,87.0,64,7.6,1052,Up to 3 ,M,"Action Adventure, General"
Middle-earth: Shadow of Mordor,Monolith Productions,Xbox One,09/30/2014,87.0,12,8.0,802,No Online Multiplayer,M,"Fantasy, Action Adventure, Fantasy, Open-World"
DOOM,id Software,Xbox One,05/13/2016,87.0,25,8.5,1011,Up to 12 ,M,"Sci-Fi, Action, Shooter, First-Person, Third-Person, Arcade"
Battlefield 1,EA DICE,Xbox One,10/18/2016,87.0,39,7.6,806,Up to 64 ,M,"Action, General, Shooter, First-Person, Tactical"
Dark Souls III,From Software,Xbox One,04/12/2016,87.0,14,9.1,1215,Up to 6 ,M,"Role-Playing, Action RPG"
Yakuza 6: The Song of Life,Ryu ga Gotoku Studios,Xbox One,03/25/2021,87.0,9,7.3,32,No Online Multiplayer,M,"Action Adventure, Open-World"
Assassin's Creed Odyssey,Ubisoft,Xbox One,10/02/2018,87.0,34,6.4,973,No Online Multiplayer,M,"Action Adventure, Open-World"
Forza Motorsport 6,Turn 10,Xbox One,09/15/2015,87.0,85,7.7,934,Up to 24 ,E,"Driving, GT / Street, Racing, Simulation, Automobile"
Rocket League,Psyonix,Xbox One,02/17/2016,87.0,22,8.0,357,Up to 8 ,E,"Sports, Team, Soccer, Arcade"
Pro Evolution Soccer 2017,Konami,Xbox One,09/13/2016,87.0,12,5.9,100,,E,"Sports, Team, Soccer, Sim"
Titanfall 2,Respawn Entertainment,Xbox One,10/28/2016,87.0,32,8.8,875,Up to 16 ,M,"Action, Shooter, First-Person, Arcade"
Huntdown,Coffee Stain Studios,Xbox One,05/12/2020,87.0,8,5.7,27,2 ,T,"Action, General, Platformer, 2D"
Destiny 2,Bungie,Xbox One,09/06/2017,87.0,22,4.5,664,Up to 16 ,T,"Action, Shooter, First-Person, Arcade"
Forza Horizon 3: Blizzard Mountain,Playground Games,Xbox One,12/13/2016,87.0,16,7.8,105,,,"Racing, Simulation, Automobile"
Teenage Mutant Ninja Turtles: Shredder's Revenge,Tribute Games,Xbox One,06/16/2022,87.0,18,8.1,111,Up to 6 ,E10+,"Action, Beat-'Em-Up, 2D"
XCOM 2,Firaxis Games,Xbox One,09/27/2016,87.0,17,7.5,118,2 ,T,"Strategy, Turn-Based, General, Tactics"
Forza Horizon 3: Hot Wheels,Playground Games,Xbox One,05/09/2017,87.0,13,7.8,112,,,"Racing, Simulation, Automobile"
Okami HD,Capcom,Xbox One,12/12/2017,87.0,14,8.5,78,No Online Multiplayer,T,"Action Adventure, General"
Thumper,drool Games,Xbox One,08/18/2017,86.0,7,5.9,15,,E10+,"Action, Rhythm, Music"
The Witness,"Thekla, Inc",Xbox One,09/13/2016,86.0,11,7.5,78,,E,"Adventure, 3D, First-Person"
DiRT Rally,Codemasters,Xbox One,04/05/2016,86.0,17,8.0,91,,E,"Racing, Simulation, Automobile"
Sid Meier's Civilization VI,Aspyr,Xbox One,11/22/2019,86.0,12,6.5,36,No Online Multiplayer,E10+,"Strategy, Turn-Based, 4X"
Cuphead,Studio MDHR,Xbox One,09/29/2017,86.0,72,8.5,951,No Online Multiplayer,E10+,"Action, Platformer, 2D"
Killer Instinct Season 3,Iron Galaxy Studios,Xbox One,03/29/2016,86.0,14,6.6,149,,,"Action, Fighting, 2D"
Pillars of Eternity: Complete Edition,Obsidian Entertainment,Xbox One,08/29/2017,86.0,11,7.3,47,No Online Multiplayer,M,"Role-Playing, Western-Style"
Shovel Knight,Yacht Club Games,Xbox One,04/21/2015,86.0,10,7.5,68,,E,"Action, Platformer, 2D"
NBA 2K14,Visual Concepts,Xbox One,11/12/2013,86.0,15,5.7,189,Up to 10 ,E,"Sim, Sports, Traditional, Team, Basketball, Sim"
DmC: Devil May Cry Definitive Edition,Ninja Theory,Xbox One,03/10/2015,86.0,20,8.0,295,No Online Multiplayer,M,"Fantasy, Action Adventure, General, Linear"
Sky Force Reloaded,Infinite Dreams,Xbox One,12/01/2017,86.0,10,7.0,17,No Online Multiplayer,E10+,"Action, Shooter, Shoot-'Em-Up, Vertical"
NBA 2K16,Visual Concepts,Xbox One,09/25/2015,86.0,14,6.2,129,Up to 10 ,E10+,"Action, General, Sports, Team, Basketball, Sim"
Titanfall,Respawn Entertainment,Xbox One,03/11/2014,86.0,68,6.7,2546,Up to 12 ,M,"Shooter, Sci-Fi, Miscellaneous, General, Action, Shooter, First-Person, Sci-Fi, Arcade"
Diablo III: Ultimate Evil Edition,Blizzard Entertainment,Xbox One,08/19/2014,86.0,18,7.7,379,Up to 4 ,M,"Role-Playing, Action RPG"
Resident Evil 7: biohazard,Capcom,Xbox One,01/24/2017,86.0,19,8.1,648,No Online Multiplayer,M,"Action Adventure, Survival"
Dragon Ball FighterZ,Arc System Works,Xbox One,01/26/2018,86.0,24,7.6,127,2 ,T,"Action, Fighting, 2D"
Destiny 2: Forsaken,Bungie Software,Xbox One,09/04/2018,86.0,16,5.5,108,,T,"Action, Shooter, First-Person, Arcade"
Mortal Kombat 11,NetherRealm Studios,Xbox One,04/23/2019,86.0,26,3.4,490,Up to 8 ,M,"Action, Fighting, 2D"
Tomb Raider: Definitive Edition,Crystal Dynamics,Xbox One,01/28/2014,86.0,18,7.9,691,Up to 8 ,M,"Modern, Action Adventure, General, Modern, Linear"
Rise of the Tomb Raider,Crystal Dynamics,Xbox One,11/10/2015,86.0,102,8.0,1558,No Online Multiplayer,M,"Fantasy, Action Adventure, General, Linear"
Forza Horizon 2,Playground Games,Xbox One,09/30/2014,86.0,85,8.3,1193,Up to 12 ,,"Driving, Racing, Simulation, GT / Street, Automobile"
Observer,Bloober Team,Xbox One,08/15/2017,86.0,8,7.4,62,No Online Multiplayer,M,"Adventure, 3D, First-Person"
Dying Light: The Following,Techland,Xbox One,02/09/2016,86.0,7,8.3,114,,M,"Action Adventure, Survival"
DiRT 4,Codemasters,Xbox One,06/06/2017,86.0,21,6.9,75,,T,"Racing, Simulation, Automobile"
Forza Motorsport 7,Turn 10,Xbox One,09/29/2017,86.0,79,6.4,1016,Up to 24 ,E,"Racing, Simulation, Automobile"
Mortal Kombat X,Warner Bros. Interactive Entertainment,Xbox One,04/14/2015,86.0,21,7.6,386,Up to 10 ,M,"Action, Fighting, 2D, 3D"
Dark Souls Remastered,From Software,Xbox One,05/25/2018,86.0,9,7.9,242,Up to 6 ,M,"Role-Playing, Action RPG"
NHL 20,Electronic Arts,Xbox One,09/10/2019,85.0,12,4.4,66,Up to 12 ,E10+,"Sports, Team, Ice Hockey, Sim"
Thronebreaker: The Witcher Tales,CD Projekt Red Studio,Xbox One,12/04/2018,85.0,7,7.1,77,Online Multiplayer,T,"Role-Playing, Action RPG, Strategy, Turn-Based, Card Battle"
Firewatch,Campo Santo,Xbox One,09/21/2016,85.0,9,5.9,169,,M,"Adventure, 3D, First-Person"
Guacamelee! 2,DrinkBox Studios,Xbox One,01/18/2019,85.0,9,6.7,33,Up to 4 ,,"Action, Platformer, 2D, None, Metroidvania"
Call of Duty: Black Ops 4,Treyarch,Xbox One,10/12/2018,85.0,19,4.2,428,Up to more than 64 ,M,"Action, Shooter, First-Person, Tactical"
Batman: Arkham Knight,Rocksteady Studios,Xbox One,06/23/2015,85.0,16,7.5,1103,No Online Multiplayer,M,"General, Fantasy, Action Adventure, Open-World"
Assassin's Creed Origins,Ubisoft,Xbox One,10/27/2017,85.0,42,7.7,956,No Online Multiplayer,M,"Miscellaneous, Action Adventure, Edutainment, Open-World"
